feature	metadata	value	coef	stderr	pval	qval	base.model	tweedie.index	N	N.not.zero	percent.zero
Malat1	type	wound	-4.11256977715144	0.0728913627823626	0	0	CPLM	1.25	2038	1087	47
Gm42418	type	wound	-1.25783303882347	0.0272785986414072	1.81689676864243e-318	6.9405456562141e-316	CPLM	1.522	2038	2000	2
Fgfr2	type	wound	2.5761080456207	0.085495413892345	2.9727371375379e-165	7.57057057692986e-163	CPLM	1.01	2038	767	62
Ptprd	type	wound	3.0323161580428	0.115700333994024	1.05437005937396e-130	2.01384681340427e-128	CPLM	1.01	2038	626	69
Lsamp	type	wound	2.3738955258774	0.0927639330004695	1.80410805488472e-125	2.75667710786385e-123	CPLM	1.01	2038	741	64
Fbxw4	type	wound	2.71801838413342	0.112589340007051	1.9176090630536e-113	2.44175554028825e-111	CPLM	1.01	2038	510	75
Chl1	type	wound	4.27630596370855	0.179848689724021	1.7391726402816e-110	1.8981827102502e-108	CPLM	1.01	2038	702	66
Macrod2	type	wound	2.07548575828817	0.0894756757119944	8.18105694459694e-106	7.81290938209008e-104	CPLM	1.01	2038	619	70
Magi2	type	wound	1.71474171500033	0.0816164328310343	7.36234878365121e-89	6.24981607856614e-87	CPLM	1.01	2038	617	70
Ctnna3	type	wound	3.21403620543258	0.154683335878752	3.99407547167445e-87	3.05147366035928e-85	CPLM	1.01	2038	474	77
Fhit	type	wound	2.18659624111409	0.1063078514055	1.44766251828773e-85	1.00546742179257e-83	CPLM	1.01	2038	485	76
Rbfox1	type	wound	3.36448497841092	0.164025718018198	3.80054321022762e-85	2.41967917717825e-83	CPLM	1.01	2038	451	78
Gm10801	type	wound	8.71425761763079	0.4389938742409	2.64338744341504e-80	1.55349846674545e-78	CPLM	1.274	2038	1186	42
Zbtb20	type	wound	-1.3229854986558	0.0675659392955022	2.33006833260012e-78	1.27155157579035e-76	CPLM	1.01	2038	921	55
Cdh18	type	wound	2.99183580971591	0.15333707580271	7.29430551496233e-78	3.71523294228748e-76	CPLM	1.01	2038	391	81
Nckap5	type	wound	2.37535428949179	0.122378009828225	3.87550009770514e-77	1.8505512966542e-75	CPLM	1.01	2038	419	79
Dlg2	type	wound	3.99065213453816	0.207933011539013	1.37063747286903e-75	6.15980605454081e-74	CPLM	1.01	2038	526	74
Lrrc4c	type	wound	3.65368829913216	0.193062944927953	1.0435252303311e-73	4.42918486651645e-72	CPLM	1.01	2038	421	79
Cntnap2	type	wound	5.02301929826271	0.266901058783458	5.66934356039004e-73	2.27967288428315e-71	CPLM	1.01	2038	610	70
Zfhx3	type	wound	1.58276158323835	0.0862519444903312	1.00353480837002e-69	3.83350296797348e-68	CPLM	1.01	2038	563	72
Lrrtm4	type	wound	3.01128037734752	0.164731757836788	3.05282509064151e-69	1.11064684250005e-67	CPLM	1.01	2038	351	83
Htr1f	type	wound	3.5960685056043	0.19729325888299	7.01492888616361e-69	2.43609348592227e-67	CPLM	1.01	2038	332	84
Gm37240	type	wound	3.1433595845622	0.175972492367571	2.06229395151548e-66	6.85040251720796e-65	CPLM	1.01	2038	351	83
Sdk1	type	wound	2.87364981273104	0.162423861394237	2.86702245896768e-65	9.12668816104712e-64	CPLM	1.01	2038	348	83
Neat1	type	wound	-3.00585513432765	0.173371771748986	6.44934547368115e-63	1.97091997675696e-61	CPLM	1.01	2038	745	63
Dpyd	type	wound	1.53158361710589	0.0894491194943116	1.65875071764919e-61	4.87417518570763e-60	CPLM	1.01	2038	436	79
Prkn	type	wound	1.4226176939399	0.0838000407918757	1.47710676054394e-60	4.17966505576138e-59	CPLM	1.01	2038	520	74
Gm32647	type	wound	2.62137748625245	0.154672429601922	2.25628508666547e-60	6.15643502218722e-59	CPLM	1.01	2038	294	86
Cmss1	type	wound	-1.27296078623721	0.0753356864610334	4.80289115487828e-60	1.26531339390587e-58	CPLM	1.01	2038	1039	49
Nrxn3	type	wound	4.27356390388147	0.253582533995693	9.29283125714307e-60	2.36657436015244e-58	CPLM	1.01	2038	436	79
Ccser1	type	wound	1.48262125034944	0.0890430833714245	1.84173096559328e-58	4.53897567004279e-57	CPLM	1.01	2038	552	73
Agbl1	type	wound	1.78314660289527	0.109058019369077	1.4771186265506e-56	3.52662072088956e-55	CPLM	1.01	2038	393	81
Kcnip4	type	wound	3.54841336047322	0.219184900110205	1.51997050946991e-55	3.51896202798489e-54	CPLM	1.01	2038	366	82
Nkain2	type	wound	4.18992222758581	0.259096812871706	1.96575346141671e-55	4.41716366035989e-54	CPLM	1.01	2038	619	70
Sox5	type	wound	1.78326823056171	0.111035666501306	9.65596969776008e-55	2.10776024259677e-53	CPLM	1.01	2038	358	82
Npas3	type	wound	1.87133549555864	0.116718670423736	1.42972414905698e-54	3.03419236077649e-53	CPLM	1.01	2038	333	84
Camk1d	type	wound	-1.37353664966308	0.0859511966242698	3.02233955862025e-54	6.24072276428613e-53	CPLM	1.01	2038	823	60
Auts2	type	wound	1.48011101135541	0.0930338415649853	8.30591683875718e-54	1.66992643810802e-52	CPLM	1.01	2038	528	74
Dpp6	type	wound	2.47619459245501	0.157072880485464	6.44678360738173e-53	1.2629083784717e-51	CPLM	1.01	2038	270	87
Tenm4	type	wound	2.53317667790071	0.162568895902751	8.35615217426979e-52	1.59602506528553e-50	CPLM	1.01	2038	288	86
Col1a2	type	wound	-3.33284139721904	0.214241954008967	1.19714995438921e-51	2.23078674427647e-50	CPLM	1.01	2038	706	65
Gpc5	type	wound	2.99977836414057	0.193299879929879	2.02416851746486e-51	3.68205892224561e-50	CPLM	1.01	2038	418	79
March1	type	wound	3.70403878809405	0.241552573712918	2.61505368283028e-50	4.64628142716821e-49	CPLM	1.01	2038	288	86
Erc2	type	wound	2.74005193535885	0.180067360391504	1.31729971049392e-49	2.28731131549398e-48	CPLM	1.01	2038	228	89
Inpp4b	type	wound	1.77673155237384	0.117362756120368	3.83390072505388e-49	6.50911145320258e-48	CPLM	1.01	2038	351	83
Dlgap1	type	wound	4.20146873716113	0.278203892642783	6.32614667604699e-49	1.03893935403441e-47	CPLM	1.01	2038	390	81
Sgcd	type	wound	1.28396981698302	0.0850234084414996	6.39138084288183e-49	1.03893935403441e-47	CPLM	1.01	2038	520	74
Ebf1	type	wound	-1.47103902913201	0.0974924363511239	7.59124162275899e-49	1.20827262495581e-47	CPLM	1.01	2038	750	63
Schip1	type	wound	1.86150500068511	0.123752044729152	1.43033455682722e-48	2.18555120283198e-47	CPLM	1.01	2038	328	84
Thsd7b	type	wound	3.43388999018882	0.228267155650511	1.40951896498455e-48	2.18555120283198e-47	CPLM	1.01	2038	297	85
Hdac9	type	wound	2.11806063166177	0.141526218570334	4.03143803299537e-48	6.03925226903621e-47	CPLM	1.01	2038	339	83
Sugct	type	wound	2.76384108877987	0.184740739458411	4.32586383812265e-48	6.35569225447251e-47	CPLM	1.01	2038	262	87
Pcdh15	type	wound	5.06182848825197	0.345792518861943	3.27251291620152e-46	4.71735824146785e-45	CPLM	1.01	2038	465	77
Nlgn1	type	wound	3.0149228022394	0.205990330768792	3.36548306474966e-46	4.76153529901619e-45	CPLM	1.01	2038	274	87
App	type	wound	1.14300710761049	0.0781531129231763	3.89602837989544e-46	5.41193760407294e-45	CPLM	1.01	2038	663	67
Rgs6	type	wound	2.26649901099903	0.156301138640717	2.02486234531211e-45	2.76249077110437e-44	CPLM	1.01	2038	247	88
Sptbn1	type	wound	-1.85090896610796	0.127670499905268	2.11508672242262e-45	2.83495834373839e-44	CPLM	1.01	2038	556	73
Anks1b	type	wound	4.81103627532978	0.331903366826343	2.17897176292952e-45	2.87023177047957e-44	CPLM	1.01	2038	372	82
Ptprj	type	wound	1.74338606606458	0.120364271304915	2.52084186834223e-45	3.26427658883637e-44	CPLM	1.01	2038	410	80
Adgrl3	type	wound	3.07049912009523	0.212783495807481	5.14060588887912e-45	6.54570483183941e-44	CPLM	1.01	2038	263	87
Negr1	type	wound	1.50774569467316	0.104497853788506	5.25487963517935e-45	6.58152137914266e-44	CPLM	1.01	2038	397	81
Ntm	type	wound	4.00768199086841	0.278853198815957	1.10309892022106e-44	1.35930254040144e-43	CPLM	1.01	2038	266	87
Frmd4a	type	wound	1.74749773131511	0.121675285707574	1.25818073159193e-44	1.52579377608926e-43	CPLM	1.01	2038	344	83
Lingo2	type	wound	4.53322378514114	0.317560159927985	3.91347340921502e-44	4.67170888225043e-43	CPLM	1.01	2038	387	81
Tenm3	type	wound	1.85620949959385	0.130197174848641	4.96459125664705e-44	5.83530418473592e-43	CPLM	1.01	2038	303	85
Trpm3	type	wound	3.67001973185292	0.257869004329949	6.8563196286947e-44	7.9367093883678e-43	CPLM	1.01	2038	273	87
Sema6d	type	wound	2.13020533749644	0.151293744099478	4.92082839239831e-43	5.6112132713318e-42	CPLM	1.01	2038	236	88
Cacna2d3	type	wound	3.16919907426406	0.225950387876348	9.84265535088799e-43	1.10585127765859e-41	CPLM	1.01	2038	225	89
Ctnnd2	type	wound	3.50756965536945	0.250321747116958	1.1758129667618e-42	1.3019146472551e-41	CPLM	1.01	2038	244	88
Kcnq5	type	wound	2.09782704141642	0.150122507910352	1.91812833127132e-42	2.09350006441613e-41	CPLM	1.01	2038	254	88
Nfia	type	wound	-1.24909187135462	0.0893995976847584	1.97027042588299e-42	2.12012197940085e-41	CPLM	1.01	2038	713	65
Camta1	type	wound	1.68299491859775	0.120530563748766	2.20501535380054e-42	2.33976629208835e-41	CPLM	1.01	2038	314	85
Adarb2	type	wound	2.47251993850981	0.177912357037192	5.11444595698408e-42	5.35265302895321e-41	CPLM	1.01	2038	256	87
Cadps2	type	wound	1.67959225634774	0.121005110998429	6.3576049461142e-42	6.56379753896115e-41	CPLM	1.01	2038	303	85
Lrp1b	type	wound	5.34629760917861	0.387558894395028	1.88623262504128e-41	1.92144230070872e-40	CPLM	1.01	2038	556	73
Dab1	type	wound	4.50585150788907	0.327539595244613	3.05773863222357e-41	3.0738319934458e-40	CPLM	1.01	2038	303	85
Skint6	type	wound	2.69525401300418	0.196889187103332	7.16790795337528e-41	7.11205412516716e-40	CPLM	1.01	2038	205	90
Col3a1	type	wound	-2.90416224600134	0.212369944236593	8.56936883316903e-41	8.39358690838608e-40	CPLM	1.01	2038	521	74
Cpa6	type	wound	3.37421725149969	0.247731119424986	1.70081009465882e-40	1.64483406622701e-39	CPLM	1.01	2038	226	89
Skint5	type	wound	2.29975888215615	0.169451304238897	3.13042275796465e-40	2.98955373385624e-39	CPLM	1.01	2038	229	89
Nrg1	type	wound	4.77222868189172	0.352896666015642	5.75809050695932e-40	5.43108783619373e-39	CPLM	1.01	2038	324	84
Dock10	type	wound	2.07953228456224	0.153831525668999	6.11146068400255e-40	5.69409263729018e-39	CPLM	1.01	2038	248	88
Col1a1	type	wound	-3.55473029282206	0.264028798779339	1.20952496832096e-39	1.11334587445448e-38	CPLM	1.01	2038	606	70
Ghr	type	wound	-1.3771460993072	0.102986559887169	3.75170843010174e-39	3.41226814356873e-38	CPLM	1.01	2038	606	70
Pde10a	type	wound	1.82185626362876	0.136322822300713	4.13215290929173e-39	3.71407626199869e-38	CPLM	1.01	2038	256	87
Grik2	type	wound	4.10805746170504	0.308742501463343	8.50205043903124e-39	7.55298434351147e-38	CPLM	1.01	2038	233	89
Ank3	type	wound	2.24976247565919	0.171997672801914	1.33962131029209e-37	1.17640308168179e-36	CPLM	1.01	2038	323	84
Arhgap15	type	wound	1.36855720028455	0.105213001859182	3.23045082440623e-37	2.80461867027995e-36	CPLM	1.01	2038	346	83
Nrxn1	type	wound	5.00148518679789	0.386215500001738	6.46227840238131e-37	5.54739404429137e-36	CPLM	1.01	2038	302	85
Csmd1	type	wound	2.49827210048742	0.193005417955208	6.9405679674108e-37	5.89177103011317e-36	CPLM	1.01	2038	466	77
Slc7a11	type	wound	3.42502552245126	0.26512743158324	9.4458518834278e-37	7.93036355927345e-36	CPLM	1.01	2038	224	89
Pcdh9	type	wound	2.17609410891242	0.169879102278599	3.47121036328665e-36	2.882613823425e-35	CPLM	1.01	2038	291	86
Agbl4	type	wound	5.17231717022501	0.404252507814307	4.14560690611649e-36	3.40563836158387e-35	CPLM	1.01	2038	348	83
Astn2	type	wound	4.89085100592125	0.382602499684749	4.76289846487798e-36	3.87112173102849e-35	CPLM	1.01	2038	330	84
Phactr1	type	wound	2.16248422204356	0.16923196975643	5.04822207811955e-36	4.05983333440351e-35	CPLM	1.01	2038	207	90
Drg1	type	wound	2.25175209863034	0.176328959695055	5.55549712703661e-36	4.4212497969333e-35	CPLM	1.01	2038	205	90
Nav3	type	wound	1.98179205819532	0.15541534958033	6.92960888425584e-36	5.45795998718708e-35	CPLM	1.01	2038	263	87
Kirrel3	type	wound	2.52886676849468	0.199309495347721	1.47017713485e-35	1.14613809288306e-34	CPLM	1.01	2038	214	89
Grid2	type	wound	5.36183889898641	0.424095537291798	2.50587396089634e-35	1.93382596578263e-34	CPLM	1.01	2038	455	78
Pde1c	type	wound	3.22693105708831	0.257605672477075	9.83419727943525e-35	7.51332672148853e-34	CPLM	1.01	2038	226	89
Erbb4	type	wound	5.04768002530387	0.404221178721601	1.5551284927949e-34	1.17635462227258e-33	CPLM	1.01	2038	319	84
Kcnd2	type	wound	3.65196217001831	0.294740365484709	4.80601787148108e-34	3.59980162138387e-33	CPLM	1.01	2038	232	89
Meg3	type	wound	-4.38153000537571	0.353904942735229	5.39106303321963e-34	3.99880791978621e-33	CPLM	1.01	2038	691	66
Dgkb	type	wound	4.3690416132474	0.355403072943159	1.47853635364586e-33	1.08615555210138e-32	CPLM	1.01	2038	309	85
Alcam	type	wound	2.17869538489563	0.179057418256949	6.24473964991853e-33	4.54379151670262e-32	CPLM	1.01	2038	238	88
Tenm2	type	wound	2.53984988100481	0.209455302164767	1.00351629041789e-32	7.23289099886104e-32	CPLM	1.01	2038	425	79
Fat3	type	wound	3.8016081419973	0.316340413158981	3.43581411001303e-32	2.45323549537379e-31	CPLM	1.01	2038	211	90
Tmem132d	type	wound	4.37321774101704	0.365770550402093	6.8559124484787e-32	4.84992325059049e-31	CPLM	1.01	2038	261	87
Ptprn2	type	wound	4.03125017766072	0.33740689223043	7.53822215958405e-32	5.28367131185524e-31	CPLM	1.01	2038	225	89
Nav2	type	wound	1.54509773851446	0.130317949696703	2.09853861866916e-31	1.45753045878476e-30	CPLM	1.01	2038	332	84
Unc5d	type	wound	3.93060470183427	0.331760211660118	2.31109603588926e-31	1.59070033461207e-30	CPLM	1.01	2038	212	90
Slc24a3	type	wound	1.9544573823666	0.16519582751453	2.78038940256206e-31	1.8966227710334e-30	CPLM	1.01	2038	211	90
Ctnna2	type	wound	4.75084330453939	0.402007029900986	3.22608185494276e-31	2.18117392670466e-30	CPLM	1.01	2038	342	83
Sntg1	type	wound	4.20348508827263	0.358333601279591	8.49061297632778e-31	5.69020027536353e-30	CPLM	1.01	2038	288	86
Zfp536	type	wound	1.5936917757419	0.137382369396902	3.5636461933755e-30	2.36750060151207e-29	CPLM	1.01	2038	224	89
Frmpd4	type	wound	4.12211248855221	0.356097454430066	4.66596211755116e-30	3.07309918776645e-29	CPLM	1.01	2038	233	89
Diaph2	type	wound	-1.08582005340046	0.0944314799906399	1.0843923152982e-29	7.08098913579337e-29	CPLM	1.01	2038	596	71
Cacna1c	type	wound	1.5175586895353	0.133493309514713	4.45050321509546e-29	2.8815122511296e-28	CPLM	1.01	2038	248	88
Adgrb3	type	wound	4.42872693424888	0.391118025116633	7.20478006383379e-29	4.62558988972186e-28	CPLM	1.01	2038	222	89
Grm8	type	wound	4.68053016782299	0.414988330791739	1.16126730031931e-28	7.39340181203291e-28	CPLM	1.01	2038	277	86
Epha6	type	wound	5.4102861043415	0.47995272698733	1.2403962997663e-28	7.83192374397895e-28	CPLM	1.01	2038	345	83
B3galt1	type	wound	2.56601257251309	0.228575359789047	2.03596670699482e-28	1.27498242962627e-27	CPLM	1.01	2038	215	89
Utrn	type	wound	-0.879123961212663	0.0785022957071065	2.72556027240982e-28	1.69294963261878e-27	CPLM	1.01	2038	730	64
Dcc	type	wound	4.84865270522385	0.436922123393912	7.97728961124626e-28	4.91503972821947e-27	CPLM	1.01	2038	339	83
Galnt17	type	wound	1.60908550109103	0.145172404043774	9.18094335433129e-28	5.61139257816728e-27	CPLM	1.01	2038	262	87
Il1rapl1	type	wound	5.11199442249178	0.46361336355526	1.68122361870521e-27	1.01940860689744e-26	CPLM	1.01	2038	240	88
Ncam2	type	wound	1.78578364832267	0.162737304926334	2.92803345506828e-27	1.76143114934816e-26	CPLM	1.01	2038	225	89
Dock9	type	wound	-1.17695618934227	0.107458492176725	3.63618529870102e-27	2.17034810016217e-26	CPLM	1.01	2038	528	74
Pde4b	type	wound	1.40526062686889	0.128779309462387	5.54312208835139e-27	3.28290331434144e-26	CPLM	1.01	2038	227	89
Palld	type	wound	1.40613165268289	0.129136948141422	7.07341308334305e-27	4.15699045821084e-26	CPLM	1.01	2038	261	87
L3mbtl4	type	wound	4.69002387897454	0.432810371773356	1.21779433983642e-26	7.10225095904597e-26	CPLM	1.01	2038	206	90
Fgf14	type	wound	3.25167979271281	0.300129239645432	1.24250097995259e-26	7.1914450657862e-26	CPLM	1.01	2038	240	88
Ext1	type	wound	-1.47298964055903	0.135983902943415	1.27075509430524e-26	7.29967588006922e-26	CPLM	1.01	2038	472	77
Enox1	type	wound	1.53328231256879	0.141940088981454	1.72749742320608e-26	9.84931366663763e-26	CPLM	1.01	2038	212	90
Grip1	type	wound	3.27259834074005	0.303145820805116	1.8539958166447e-26	1.04922429919745e-25	CPLM	1.01	2038	207	90
Nfat5	type	wound	-1.62508413623098	0.15065369916462	2.02506355256045e-26	1.13760923099719e-25	CPLM	1.01	2038	446	78
Ahnak	type	wound	-1.50908990308361	0.140768526240132	4.00780372791404e-26	2.2350087942528e-25	CPLM	1.01	2038	437	79
Sox6	type	wound	1.70572963840791	0.159232104808069	4.35597741903347e-26	2.41157010734896e-25	CPLM	1.01	2038	212	90
Grm7	type	wound	5.13192692923475	0.481831050128253	8.14415022102456e-26	4.47635307112429e-25	CPLM	1.01	2038	297	85
Samd12	type	wound	1.54700050940304	0.145269507018319	8.28700508327047e-26	4.5223370597276e-25	CPLM	1.01	2038	249	88
Pdss2	type	wound	1.46052861279547	0.137254246430542	9.00147569617784e-26	4.87739534175878e-25	CPLM	1.01	2038	237	88
Cntn4	type	wound	5.55742102687976	0.524960694394053	1.56770718446659e-25	8.43470626008784e-25	CPLM	1.01	2038	341	83
Immp2l	type	wound	1.11592421056998	0.105425814767227	1.59060572963538e-25	8.49806138070932e-25	CPLM	1.01	2038	391	81
Rsrp1	type	wound	-2.69426382457905	0.255604638484966	2.48530855324224e-25	1.31859426019241e-24	CPLM	1.01	2038	441	78
Nell1	type	wound	4.65692972696197	0.443814483210014	4.0198877888696e-25	2.11806501427336e-24	CPLM	1.01	2038	226	89
Tcf4	type	wound	-0.907556728516346	0.0870704108809113	8.07982958567639e-25	4.19931279146719e-24	CPLM	1.01	2038	643	68
Cntn5	type	wound	5.6113237095925	0.538327593774344	8.04988336419577e-25	4.19931279146719e-24	CPLM	1.01	2038	354	83
Csmd3	type	wound	5.30275795220867	0.509158901334228	8.79611162015436e-25	4.54069545797158e-24	CPLM	1.01	2038	332	84
Alpk1	type	wound	1.6578476127455	0.159286404179476	9.41097458117518e-25	4.82549300672338e-24	CPLM	1.01	2038	208	90
Zfand3	type	wound	-1.45897779445297	0.140653271230508	1.33478240377854e-24	6.79849170991202e-24	CPLM	1.01	2038	398	80
Ldb2	type	wound	-1.15711450837996	0.111596920906634	1.3913036023436e-24	7.03944339199015e-24	CPLM	1.01	2038	526	74
Lncpint	type	wound	-1.84232419353375	0.17850786960339	2.23979231755201e-24	1.12579034908535e-23	CPLM	1.01	2038	361	82
Hs6st3	type	wound	2.24488710768155	0.217853476532412	2.62684886009129e-24	1.31170753536585e-23	CPLM	1.01	2038	259	87
Ddx5	type	wound	-2.14431400574807	0.208235991686056	2.81649642506154e-24	1.39727484983572e-23	CPLM	1.01	2038	437	79
Srrm2	type	wound	-2.06129584453294	0.200243038902838	2.91696141834758e-24	1.43777969265649e-23	CPLM	1.01	2038	356	83
Dmd	type	wound	0.871177977294256	0.0848212954383561	3.66804506105327e-24	1.79640155554147e-23	CPLM	1.01	2038	519	75
Sorcs1	type	wound	4.81348960865609	0.469144564369982	4.07196147495218e-24	1.98151501074106e-23	CPLM	1.01	2038	215	89
Mir99ahg	type	wound	-0.821046136636929	0.0801765506115549	4.94110041597096e-24	2.38924096063406e-23	CPLM	1.01	2038	731	64
Zfp521	type	wound	-1.30041561780496	0.127154346888206	5.63707101319356e-24	2.70863034847791e-23	CPLM	1.01	2038	457	78
Dlc1	type	wound	-0.924999811968199	0.0907271434730304	7.68907573374407e-24	3.6715336628628e-23	CPLM	1.01	2038	630	69
Dapk1	type	wound	-1.2170205141197	0.119764092876534	1.06782624669396e-23	5.0672003259266e-23	CPLM	1.01	2038	431	79
Fgf12	type	wound	1.07749830340551	0.10609978087734	1.13550442303073e-23	5.35509493330542e-23	CPLM	1.01	2038	308	85
Myo16	type	wound	1.31585385715505	0.129769218125383	1.32161424645215e-23	6.19456002631559e-23	CPLM	1.01	2038	217	89
Airn	type	wound	-1.15100022673264	0.113596651290152	1.42332017170243e-23	6.630589092565e-23	CPLM	1.01	2038	483	76
Rbms1	type	wound	-1.05046500968915	0.103722016207498	1.48919978268649e-23	6.89544626649986e-23	CPLM	1.01	2038	516	75
Morrbid	type	wound	1.30231553407582	0.128848910138602	1.81579619227366e-23	8.35703789697035e-23	CPLM	1.01	2038	273	87
Rbm39	type	wound	-1.51177048440752	0.150411676019095	3.13744425245852e-23	1.43533377777144e-22	CPLM	1.01	2038	398	80
Rian	type	wound	-2.50835052536747	0.252969223482922	1.15108156053145e-22	5.2346804300359e-22	CPLM	1.01	2038	339	83
Dleu2	type	wound	-1.32998252433895	0.134415854870746	1.40786356259259e-22	6.36454296935347e-22	CPLM	1.01	2038	413	80
Pbx1	type	wound	-0.965987799198991	0.0976624388806245	1.45490938715488e-22	6.53853395168427e-22	CPLM	1.01	2038	559	73
Magi1	type	wound	-0.836566238134007	0.0850165263696766	2.36410404487305e-22	1.05624297677369e-21	CPLM	1.01	2038	693	66
Mgat5	type	wound	1.27911197659081	0.130120581725433	2.59529693514744e-22	1.15279468514689e-21	CPLM	1.01	2038	230	89
Ptprt	type	wound	5.29264059726806	0.538995255847728	2.87353389712151e-22	1.26900572104094e-21	CPLM	1.01	2038	286	86
Thsd4	type	wound	1.21485802280476	0.124867000480169	6.73074461335567e-22	2.95533843942743e-21	CPLM	1.01	2038	257	87
Robo1	type	wound	0.827140997932343	0.0852768273908003	8.89604779892304e-22	3.88376029621555e-21	CPLM	1.01	2038	472	77
2210408I21Rik	type	wound	1.24314955673	0.129765607110635	2.70870628783345e-21	1.17582477494588e-20	CPLM	1.01	2038	260	87
Chsy3	type	wound	1.53318468100179	0.16007798460165	2.76513488817028e-21	1.19353844890514e-20	CPLM	1.01	2038	237	88
Rbm25	type	wound	-1.73654807325743	0.182370878929617	4.62451122643211e-21	1.98490257134502e-20	CPLM	1.01	2038	386	81
Rhoj	type	wound	-1.33595552090356	0.140518307787601	5.2961641327211e-21	2.26048569687091e-20	CPLM	1.01	2038	387	81
Gria4	type	wound	1.33257918667453	0.140625713370401	7.05900487621177e-21	2.99615540301433e-20	CPLM	1.01	2038	222	89
Zeb2	type	wound	-1.1414156770766	0.120682760277964	8.33193432654803e-21	3.51690487595729e-20	CPLM	1.01	2038	450	78
Cdkal1	type	wound	0.947570318259476	0.100513167022843	1.1028639594715e-20	4.62960475294629e-20	CPLM	1.01	2038	366	82
Rrbp1	type	wound	-1.7684162218167	0.188368677996346	1.57749605507978e-20	6.58583052503254e-20	CPLM	1.01	2038	307	85
Frmd4b	type	wound	1.07611378166288	0.115202842372658	2.41745924822755e-20	1.00377112263361e-19	CPLM	1.01	2038	282	86
Zeb1	type	wound	-1.1494585054654	0.123820701171485	4.07411913731866e-20	1.68250109238457e-19	CPLM	1.01	2038	458	78
Cntnap5b	type	wound	5.57278703909184	0.600845095933094	4.39163118974672e-20	1.80387431664865e-19	CPLM	1.01	2038	281	86
Col23a1	type	wound	1.45545149558864	0.157386850718705	5.61341839780135e-20	2.29339660744398e-19	CPLM	1.01	2038	237	88
Mgat4c	type	wound	5.24584728238573	0.568613840231318	6.83318128345726e-20	2.77688856412838e-19	CPLM	1.01	2038	270	87
Cux1	type	wound	1.24015937991919	0.134790798983634	8.5498982242454e-20	3.45614933509179e-19	CPLM	1.01	2038	242	88
Slc9a9	type	wound	1.08086366893664	0.11764809794291	9.63350304666843e-20	3.87368227771299e-19	CPLM	1.01	2038	277	86
Il1rapl2	type	wound	5.96478934380426	0.649549499309904	1.000994979495e-19	4.00397991797999e-19	CPLM	1.01	2038	273	87
Stox2	type	wound	-0.943177239271045	0.103388797320328	1.71192206193862e-19	6.81202320479743e-19	CPLM	1.01	2038	543	73
Man1a	type	wound	-1.0173339348601	0.112240111243043	2.87707789061702e-19	1.13890544478311e-18	CPLM	1.01	2038	489	76
Add3	type	wound	-1.70308294658004	0.188710915866317	4.05784137384429e-19	1.5980364998026e-18	CPLM	1.01	2038	300	85
Dlgap2	type	wound	4.97369419025755	0.55129685925954	4.16677746861011e-19	1.63252204411186e-18	CPLM	1.01	2038	205	90
Arl15	type	wound	-1.16092390564762	0.128823385997199	4.5512914046721e-19	1.77407481284158e-18	CPLM	1.246	2038	471	77
Tmtc2	type	wound	1.1477874684208	0.127397274262137	4.64135540812938e-19	1.79999773188368e-18	CPLM	1.01	2038	234	89
Gls	type	wound	-1.64002923229317	0.182163551360926	4.91151168969369e-19	1.89514895501312e-18	CPLM	1.01	2038	269	87
Spag16	type	wound	5.93518002598658	0.659751651167205	5.22104548952946e-19	2.00446168542739e-18	CPLM	1.01	2038	266	87
Ppp3ca	type	wound	-0.967129838603733	0.107648007356351	5.79383365310545e-19	2.21324445548628e-18	CPLM	1.01	2038	533	74
Ddx17	type	wound	-2.6211120423714	0.294274312442999	1.13469364494886e-18	4.31296489920861e-18	CPLM	1.01	2038	393	81
Arhgap24	type	wound	1.01009057291303	0.11377939404014	1.46410420279588e-18	5.53750302443591e-18	CPLM	1.01	2038	335	84
Wdpcp	type	wound	1.16405164365414	0.131485981358778	1.81052861456659e-18	6.81400917009297e-18	CPLM	1.01	2038	228	89
Mdga2	type	wound	5.09516301307264	0.57662267257158	2.09333471102427e-18	7.83974372167913e-18	CPLM	1.01	2038	243	88
Gm47283	type	wound	-1.56491311470096	0.177175390861482	2.16024123293815e-18	8.05085025348655e-18	CPLM	1.01	2038	315	85
Gnaq	type	wound	-1.07733924569761	0.122008750116312	2.20817690415811e-18	8.18954929503297e-18	CPLM	1.01	2038	416	80
Dock4	type	wound	-0.808213932039673	0.0916098213124155	2.35879441426494e-18	8.70588856279427e-18	CPLM	1.01	2038	558	73
4930402H24Rik	type	wound	1.06855468272419	0.121204281806731	2.48808204748209e-18	9.13891675132845e-18	CPLM	1.01	2038	250	88
Ank2	type	wound	0.759259046431291	0.0863528949504167	3.0479446439242e-18	1.11417689375985e-17	CPLM	1.01	2038	454	78
Atrx	type	wound	-1.53892705777144	0.175895037508565	4.41870109632413e-18	1.6075655417103e-17	CPLM	1.01	2038	321	84
Srsf5	type	wound	-2.66743588121138	0.307343600219703	8.02415008661577e-18	2.90542685600685e-17	CPLM	1.01	2038	327	84
Cdk14	type	wound	0.820525960741844	0.0949222075931555	1.07726996751586e-17	3.88223705274584e-17	CPLM	1.01	2038	404	80
Trappc9	type	wound	1.12430617914938	0.130157793498997	1.13487964852649e-17	4.07064812898704e-17	CPLM	1.01	2038	228	89
Galntl6	type	wound	5.99946932733076	0.694819663819933	1.16844823912652e-17	4.1714694144517e-17	CPLM	1.01	2038	391	81
Wwox	type	wound	0.640962265986698	0.0743741641296294	1.34277015001325e-17	4.77151811446569e-17	CPLM	1.01	2038	632	69
Tgfbi	type	wound	0.878880954542796	0.102274965813593	1.65376773983198e-17	5.84943774644273e-17	CPLM	1.01	2038	397	81
Pcsk5	type	wound	1.23333449570164	0.143996327481351	2.09646223974747e-17	7.38109286252104e-17	CPLM	1.01	2038	204	90
Pde4d	type	wound	0.571172360905332	0.0670562259286521	3.11084264271671e-17	1.09022191698879e-16	CPLM	1.01	2038	871	57
Itgbl1	type	wound	-1.17725765321859	0.138472500840295	3.55628782543161e-17	1.24064104960263e-16	CPLM	1.01	2038	373	82
Cyfip1	type	wound	1.09758726043221	0.129202760675417	3.75908451029492e-17	1.30542752993878e-16	CPLM	1.01	2038	252	88
Dpp10	type	wound	6.61255101056856	0.779010531088221	3.97365543732187e-17	1.37369807878457e-16	CPLM	1.01	2038	428	79
Col5a2	type	wound	-1.20714760135942	0.142230597907616	4.01149511345629e-17	1.38053255255883e-16	CPLM	1.01	2038	347	83
Cadm2	type	wound	3.26844578733904	0.38564997938077	4.43526629768367e-17	1.51952621140373e-16	CPLM	1.01	2038	353	83
Vwa8	type	wound	1.18672239656139	0.140103751055568	4.61733821280905e-17	1.57484214044023e-16	CPLM	1.01	2038	209	90
Scaper	type	wound	0.882175929296897	0.104903775149423	7.6404371941419e-17	2.59435289614418e-16	CPLM	1.01	2038	347	83
Egfr	type	wound	-1.59145914349097	0.189330763107545	7.87519434305729e-17	2.66223383986538e-16	CPLM	1.01	2038	281	86
Bbs9	type	wound	1.15842487875835	0.138787218139095	1.27760617936996e-16	4.2999608856328e-16	CPLM	1.01	2038	206	90
Ablim1	type	wound	-1.04954630230914	0.125755902878918	1.28671625087278e-16	4.31162813888948e-16	CPLM	1.01	2038	408	80
Zcchc7	type	wound	-1.23484347908819	0.148271833599906	1.48655425710834e-16	4.95950852589858e-16	CPLM	1.01	2038	350	83
Rbms3	type	wound	0.456198943158032	0.0553883407473086	3.13608979463591e-16	1.04172721873993e-15	CPLM	1.01	2038	900	56
Tcf12	type	wound	-0.969661159410137	0.11777543211786	3.21918789314006e-16	1.06470110405152e-15	CPLM	1.01	2038	457	78
Snrnp70	type	wound	-3.40240316431076	0.415209228004663	4.3985822830013e-16	1.44849864836767e-15	CPLM	1.01	2038	376	82
Dst	type	wound	-0.758384694734241	0.092732051285681	5.01023698639828e-16	1.64284165562588e-15	CPLM	1.01	2038	537	74
Mbnl1	type	wound	-1.14185178575718	0.140047294993523	6.11832581182306e-16	1.99760723086873e-15	CPLM	1.01	2038	372	82
Adcy2	type	wound	1.08783454086328	0.133679336379934	6.93689408529219e-16	2.25522854517584e-15	CPLM	1.01	2038	207	90
Cpq	type	wound	0.807224805835625	0.0993226477230939	7.53470293391362e-16	2.4392004413178e-15	CPLM	1.01	2038	342	83
Maml2	type	wound	-0.798431516970717	0.0982528607791829	7.59546952183962e-16	2.44849734796855e-15	CPLM	1.01	2038	539	74
Nkain3	type	wound	5.80607080352014	0.71453361615559	7.63279535487622e-16	2.4501914500527e-15	CPLM	1.01	2038	245	88
H2-K1	type	wound	-1.57378832218683	0.193882002859126	8.1641527391717e-16	2.60979610574359e-15	CPLM	1.01	2038	342	83
Sema6a	type	wound	-1.11474961545825	0.137496334346178	8.82508495412194e-16	2.80931871039548e-15	CPLM	1.01	2038	377	82
Galnt13	type	wound	5.22423400220985	0.644889444272646	9.29487237160929e-16	2.9465902456056e-15	CPLM	1.01	2038	210	90
Arglu1	type	wound	-2.82486836989502	0.349163971853164	1.01129894798478e-15	3.1926958523156e-15	CPLM	1.01	2038	285	86
Aff3	type	wound	0.881854765311649	0.109185574166136	1.1278004840348e-15	3.54584185103945e-15	CPLM	1.01	2038	312	85
Ankrd11	type	wound	-1.15190865890104	0.14284603714443	1.24713308076187e-15	3.90495767910683e-15	CPLM	1.01	2038	335	84
Elmo1	type	wound	-0.674870978445225	0.0837718781673113	1.32806202779202e-15	4.14138526217593e-15	CPLM	1.01	2038	628	69
Tnxb	type	wound	-1.57249655626708	0.195879561069177	1.65976533870673e-15	5.15471836899164e-15	CPLM	1.01	2038	298	85
Clk1	type	wound	-2.54168170264688	0.317543216163592	2.00044055765021e-15	6.18759751435127e-15	CPLM	1.01	2038	326	84
Rbfox2	type	wound	-0.981634357806601	0.122843645135713	2.22091480716954e-15	6.84185045434486e-15	CPLM	1.01	2038	395	81
Celf2	type	wound	-0.501508605220774	0.0627815016709572	2.26975933038284e-15	6.96424147956824e-15	CPLM	1.01	2038	886	57
Dip2c	type	wound	-0.795999439758497	0.10020817272219	3.2228471356545e-15	9.84902084656014e-15	CPLM	1.01	2038	559	73
Gpc6	type	wound	0.709575012596615	0.0893525586281321	3.27785055962384e-15	9.97720250020962e-15	CPLM	1.01	2038	514	75
Mast4	type	wound	0.76952644076638	0.09730844742651	4.24692230373304e-15	1.28755898414764e-14	CPLM	1.01	2038	434	79
Arhgap29	type	wound	-1.72648564427761	0.219110766383242	5.30525391097676e-15	1.6020608648167e-14	CPLM	1.01	2038	232	89
Fbn1	type	wound	-0.975608882782016	0.124824795288564	8.68357519702248e-15	2.6119100198918e-14	CPLM	1.01	2038	404	80
Nrg3	type	wound	6.21809327018878	0.796553981180541	9.34899800575099e-15	2.79009159234131e-14	CPLM	1.01	2038	331	84
Prrc2c	type	wound	-1.68124621967709	0.215365475774844	9.33191211467428e-15	2.79009159234131e-14	CPLM	1.01	2038	241	88
Stk39	type	wound	1.17591450135947	0.151428737310429	1.27879538420009e-14	3.80155514991778e-14	CPLM	1.01	2038	207	90
Sned1	type	wound	-1.43206715577702	0.184634410484097	1.37250632950736e-14	4.06432106877372e-14	CPLM	1.01	2038	269	87
Abi3bp	type	wound	-0.981139919943463	0.128128089489338	2.90978792430002e-14	8.58331264156455e-14	CPLM	1.01	2038	363	82
Mbnl2	type	wound	-0.954440191962814	0.125329826160395	3.99701144175143e-14	1.17450643903773e-13	CPLM	1.01	2038	382	81
Spidr	type	wound	1.04431836184221	0.137284540093909	4.25986605175029e-14	1.24694929637442e-13	CPLM	1.01	2038	212	90
Xdh	type	wound	-1.75044423413736	0.230471163840494	4.6581729835082e-14	1.35833746541995e-13	CPLM	1.01	2038	215	89
Asic2	type	wound	6.2015708802528	0.817698816033864	5.05498526799886e-14	1.46844438963921e-13	CPLM	1.01	2038	311	85
Gab2	type	wound	-0.968797648473217	0.127959098375615	5.57323605689534e-14	1.61286073767729e-13	CPLM	1.01	2038	389	81
Myo1d	type	wound	0.880622097688157	0.11636110765832	5.70581794715257e-14	1.64499807985832e-13	CPLM	1.01	2038	273	87
Prkg1	type	wound	0.530558033753112	0.0702988438213279	6.66727503767728e-14	1.91496170255092e-13	CPLM	1.01	2038	695	66
Wnk1	type	wound	-1.0352037690863	0.13779401728373	8.62089064032069e-14	2.44846113353346e-13	CPLM	1.01	2038	360	82
Armh3	type	wound	0.936941385367342	0.124709636501419	8.60214217976925e-14	2.44846113353346e-13	CPLM	1.01	2038	222	89
Hdac7	type	wound	-1.72962499768337	0.230211491523451	8.58827147374371e-14	2.44846113353346e-13	CPLM	1.01	2038	211	90
Tspan5	type	wound	-1.03987436228654	0.138478486026436	8.84192734798897e-14	2.50193796069021e-13	CPLM	1.01	2038	325	84
AY036118	type	wound	-1.40014374281814	0.18677569993327	9.73039152192942e-14	2.74318048810114e-13	CPLM	1.01	2038	344	83
Lpar1	type	wound	-1.40645083842404	0.188076141139458	1.11438395976793e-13	3.1301078869952e-13	CPLM	1.01	2038	216	89
Hivep3	type	wound	0.95957743528501	0.128431347321106	1.16992972187475e-13	3.27408903850663e-13	CPLM	1.01	2038	227	89
Macf1	type	wound	-0.645980095973791	0.0864923684221298	1.19515048146565e-13	3.33246338627648e-13	CPLM	1.01	2038	599	71
Apbb2	type	wound	-0.805791763159835	0.108428548444338	1.57137325239875e-13	4.36556059939145e-13	CPLM	1.01	2038	445	78
Prrx1	type	wound	-1.7082837596392	0.231089031589856	2.09601679923183e-13	5.8020175167142e-13	CPLM	1.01	2038	224	89
Sparc	type	wound	-1.6821269974011	0.227715827407776	2.17996254541676e-13	6.01260427688954e-13	CPLM	1.01	2038	228	89
Pan3	type	wound	-1.13995480972011	0.154878766693139	2.64884270567678e-13	7.27955333502539e-13	CPLM	1.01	2038	281	86
Fndc1	type	wound	-1.90090132251697	0.258292093052047	2.66437890045313e-13	7.29600530446663e-13	CPLM	1.01	2038	260	87
Plpp3	type	wound	-1.18005011578915	0.160484296204214	2.79263436158329e-13	7.61990232946299e-13	CPLM	1.01	2038	298	85
Lrba	type	wound	0.769100674751806	0.105112207333012	3.63149088536818e-13	9.87351970256688e-13	CPLM	1.01	2038	322	84
Maml3	type	wound	0.875492220497206	0.120124123062753	4.47144910019394e-13	1.21141386969793e-12	CPLM	1.01	2038	265	87
Dyrk1a	type	wound	-1.59651314248251	0.219173840923122	4.60257624702456e-13	1.24253295149356e-12	CPLM	1.01	2038	209	90
Srsf2	type	wound	-2.4262867395225	0.333631542874506	5.01488083449714e-13	1.34907357660416e-12	CPLM	1.01	2038	259	87
Myo1e	type	wound	0.971732582907936	0.13413132119243	6.12339894874873e-13	1.64150063047159e-12	CPLM	1.01	2038	218	89
Plxdc2	type	wound	0.980233021187926	0.135956177345647	7.85590297969341e-13	2.09856988688313e-12	CPLM	1.01	2038	227	89
Luc7l3	type	wound	-1.54159667987706	0.213925900109479	8.06682947538016e-13	2.14740687079806e-12	CPLM	1.01	2038	260	87
Sash1	type	wound	-0.894127607040283	0.125647224642779	1.53107002595734e-12	4.06158854108128e-12	CPLM	1.01	2038	371	82
Tcf7l1	type	wound	-0.951785830923419	0.135422443702419	2.84170300343658e-12	7.512322126732e-12	CPLM	1.01	2038	302	85
Lama4	type	wound	-0.912591716509757	0.130301743290637	3.37421675463178e-12	8.8893158639265e-12	CPLM	1.01	2038	364	82
Igf1r	type	wound	-0.844433924061908	0.120853122147416	3.78269877387359e-12	9.9312091520255e-12	CPLM	1.01	2038	383	81
Nktr	type	wound	-1.26692222704597	0.181347485123153	3.81218818821666e-12	9.97435539656687e-12	CPLM	1.01	2038	251	88
Gm19951	type	wound	-0.634716286268011	0.0910285520513956	4.18554105051356e-12	1.09138340020217e-11	CPLM	1.01	2038	627	69
Cntnap5a	type	wound	6.78590130611838	0.97807896671556	5.32418629832593e-12	1.38356405847654e-11	CPLM	1.01	2038	298	85
Nsd1	type	wound	-0.941488722947725	0.135955328537242	5.824519300199e-12	1.50335565721353e-11	CPLM	1.01	2038	321	84
Nxn	type	wound	-0.9861010302898	0.14239273717779	5.81511406268978e-12	1.50335565721353e-11	CPLM	1.01	2038	338	83
Mitf	type	wound	-1.07956859468261	0.155982311559014	5.98294140495324e-12	1.53904620652669e-11	CPLM	1.01	2038	286	86
Hnrnph1	type	wound	-3.14390048361604	0.454331167542784	6.03486950749085e-12	1.54719473279296e-11	CPLM	1.01	2038	258	87
Nisch	type	wound	-1.37965485719961	0.199440560108594	6.1279217053922e-12	1.56579671669553e-11	CPLM	1.01	2038	226	89
Abca1	type	wound	-1.46323966895713	0.212227712253363	7.17703050075745e-12	1.8277504341929e-11	CPLM	1.01	2038	237	88
Naaladl2	type	wound	0.48435462933735	0.0703641523831239	7.74697949901267e-12	1.96634296918461e-11	CPLM	1.01	2038	693	66
Qk	type	wound	-1.16261990139987	0.170472903700738	1.19626173394519e-11	3.02630451898718e-11	CPLM	1.01	2038	270	87
Smyd3	type	wound	0.682903243152066	0.101034621090025	1.80710911078835e-11	4.55653914403398e-11	CPLM	1.01	2038	343	83
Lars2	type	wound	-0.834411126583177	0.123475702745591	1.8243439345294e-11	4.58486436177783e-11	CPLM	1.01	2038	415	80
Tns1	type	wound	-0.73605123080821	0.10901195910342	1.89550065543249e-11	4.7480737729522e-11	CPLM	1.01	2038	445	78
Malrd1	type	wound	6.50658974774066	0.965573033894074	2.07519748424854e-11	5.18121201949636e-11	CPLM	1.01	2038	238	88
Prr16	type	wound	0.834451048141911	0.124065478550449	2.26001521452013e-11	5.62427239053219e-11	CPLM	1.01	2038	260	87
Mef2a	type	wound	-0.971140086761553	0.144870779746179	2.62650823817542e-11	6.50715812504424e-11	CPLM	1.01	2038	305	85
Nedd4	type	wound	-0.992784281811326	0.148106239795631	2.63182180711868e-11	6.50715812504424e-11	CPLM	1.01	2038	322	84
Kansl1	type	wound	-0.762484385815191	0.113931569398135	2.82748008197844e-11	6.9683702665533e-11	CPLM	1.01	2038	423	79
Adamtsl1	type	wound	0.550383449543997	0.0823056911127331	2.9316766669388e-11	7.20193239080785e-11	CPLM	1.01	2038	502	75
Gm48099	type	wound	0.872546890409613	0.130605136128103	3.05695699036759e-11	7.48562545077191e-11	CPLM	1.01	2038	276	86
Galnt18	type	wound	-0.842707309838383	0.126397959343959	3.34964339357252e-11	8.17612636641982e-11	CPLM	1.01	2038	365	82
Flrt2	type	wound	-1.05118826213801	0.157958709889322	3.63476781167285e-11	8.84382996215941e-11	CPLM	1.01	2038	298	85
Thada	type	wound	0.854064880255088	0.128354210859597	3.65564664781827e-11	8.86639377439098e-11	CPLM	1.01	2038	243	88
Ush2a	type	wound	6.4262385325352	0.969337269994311	4.3002726781373e-11	1.03968617914459e-10	CPLM	1.01	2038	231	89
Fam193a	type	wound	-1.10689934450512	0.168549574220642	6.48892461232137e-11	1.56389224095064e-10	CPLM	1.01	2038	243	88
Fars2	type	wound	0.74661927159458	0.114396274530606	8.46741580222861e-11	2.02793281282215e-10	CPLM	1.01	2038	285	86
Tnrc6c	type	wound	-1.0344243658822	0.158485248682261	8.4486530863361e-11	2.02793281282215e-10	CPLM	1.01	2038	289	86
Syt1	type	wound	5.80143562829798	0.891237837701972	9.47313403396047e-11	2.26171075060806e-10	CPLM	1.01	2038	235	88
Erg	type	wound	0.821283131242375	0.126395571448104	1.02230158368988e-10	2.43314146398463e-10	CPLM	1.01	2038	240	88
Zfc3h1	type	wound	-1.33021124857022	0.204884246082465	1.05762104655576e-10	2.50938658251119e-10	CPLM	1.01	2038	214	89
Fndc3b	type	wound	-0.632969828290786	0.0977466463972579	1.18025154966351e-10	2.79167858805857e-10	CPLM	1.01	2038	461	77
Alk	type	wound	6.422946566076	1.00263948599944	1.84973909583074e-10	4.36173046053915e-10	CPLM	1.01	2038	228	89
Rere	type	wound	-0.576871675627921	0.0905822376534837	2.35300946184045e-10	5.53138224260338e-10	CPLM	1.01	2038	533	74
Ttn	type	wound	-0.868058961665956	0.137205982408718	3.07113593053545e-10	7.19738604579473e-10	CPLM	1.01	2038	348	83
Foxp2	type	wound	0.825466979039284	0.130746648260996	3.33949760871162e-10	7.80237361790728e-10	CPLM	1.01	2038	279	86
Cp	type	wound	-1.16526455667172	0.185392786154705	3.98939812775898e-10	9.29237856587761e-10	CPLM	1.01	2038	233	89
Epb41l2	type	wound	-0.903854065734425	0.144059363398995	4.28163630784568e-10	9.94276638052917e-10	CPLM	1.01	2038	309	85
Nr6a1	type	wound	0.830699310060507	0.132619743530776	4.57182285125841e-10	1.05844626010952e-09	CPLM	1.01	2038	213	90
Tacc2	type	wound	0.81013357763464	0.129645891610594	5.02243802826641e-10	1.15925759927358e-09	CPLM	1.01	2038	242	88
Pvt1	type	wound	0.842359183135964	0.135419051214226	6.00206518881926e-10	1.38119813381262e-09	CPLM	1.01	2038	208	90
Mycbp2	type	wound	-0.767795535109235	0.123453892640437	6.04347138303993e-10	1.38655019118394e-09	CPLM	1.01	2038	372	82
Tmem164	type	wound	-1.25473253465707	0.202671760145764	7.21226139132695e-10	1.64975080927359e-09	CPLM	1.01	2038	228	89
Ctnna1	type	wound	-0.958499955619306	0.155714267321001	8.98894848888869e-10	2.05001690910775e-09	CPLM	1.01	2038	259	87
Tjp1	type	wound	0.763957689166106	0.12413087515112	9.04769468519265e-10	2.05727343437119e-09	CPLM	1.01	2038	250	88
Tgfbr2	type	wound	-0.910210414819216	0.148742876706368	1.12384571089896e-09	2.54782825853652e-09	CPLM	1.01	2038	272	87
Camkmt	type	wound	0.777891693098624	0.127940344062761	1.43023447459424e-09	3.23283768813609e-09	CPLM	1.01	2038	214	89
Ntn1	type	wound	-0.954340812915791	0.157082325878706	1.47194274861896e-09	3.31729870190231e-09	CPLM	1.01	2038	271	87
Snx29	type	wound	0.748581571426191	0.123378278674087	1.54623151363493e-09	3.47447316593261e-09	CPLM	1.01	2038	256	87
Dlg1	type	wound	-0.724180814976917	0.119570172947812	1.65203622695371e-09	3.7013362973391e-09	CPLM	1.01	2038	385	81
Ltbp1	type	wound	0.670094370803845	0.111404849847335	2.1276823235532e-09	4.75306811460423e-09	CPLM	1.01	2038	300	85
Elk3	type	wound	-0.801625865807395	0.133712932797444	2.3990564481999e-09	5.34367092252107e-09	CPLM	1.01	2038	327	84
Chrm3	type	wound	0.630519984155675	0.105955184094836	3.13331952388495e-09	6.95888405886077e-09	CPLM	1.01	2038	357	82
Pafah1b1	type	wound	-0.899869346296746	0.152388139076714	4.11903156284946e-09	9.12156554787533e-09	CPLM	1.01	2038	254	88
Fstl1	type	wound	-1.16396592854143	0.1975908702331	4.48598696481115e-09	9.90547410727085e-09	CPLM	1.01	2038	204	90
Klf12	type	wound	0.711059168893544	0.121388747723238	5.4593155954863e-09	1.20199340488517e-08	CPLM	1.01	2038	251	88
Nxpe4	type	wound	0.680763670207634	0.117257438100286	7.41723387210243e-09	1.6272907445328e-08	CPLM	1.01	2038	256	87
Chd2	type	wound	-0.965809117925722	0.166365532799124	7.43356635918779e-09	1.6272907445328e-08	CPLM	1.01	2038	234	89
Crebbp	type	wound	-0.84541131397631	0.146165627982752	8.42782172484485e-09	1.83967308508042e-08	CPLM	1.01	2038	280	86
Dcn	type	wound	-1.01082036568087	0.175596140823518	9.89113428068914e-09	2.15294204856026e-08	CPLM	1.01	2038	214	89
Msrb3	type	wound	-0.912748044292859	0.159526625734226	1.2114771749342e-08	2.62945614105037e-08	CPLM	1.01	2038	235	88
Tmcc3	type	wound	0.73492937753823	0.129827648077291	1.72006127792399e-08	3.72273885647005e-08	CPLM	1.01	2038	216	89
Bcas3	type	wound	0.587987589325247	0.103995711589095	1.78894781545325e-08	3.86089302544147e-08	CPLM	1.01	2038	332	84
Plekha5	type	wound	-0.802131331278855	0.143095573239973	2.35821300779401e-08	5.07514010691442e-08	CPLM	1.01	2038	285	86
Arhgef12	type	wound	-0.780359253297641	0.13949418676137	2.51538013692826e-08	5.39817535003705e-08	CPLM	1.01	2038	315	85
Esyt2	type	wound	-0.776254559899321	0.139149405503448	2.74851862889031e-08	5.88198384445994e-08	CPLM	1.01	2038	303	85
Cdh12	type	wound	6.3726504422074	1.1442206126673	2.89443798573975e-08	6.1769570421932e-08	CPLM	1.01	2038	220	89
Nfib	type	wound	-0.50847797963505	0.0913920233266255	2.98955318883638e-08	6.36216890326182e-08	CPLM	1.01	2038	498	76
Syne1	type	wound	-0.506974523563735	0.091725441603064	3.67398812594485e-08	7.79701924506073e-08	CPLM	1.119	2038	573	72
Ror1	type	wound	0.687024009648265	0.125563982608689	5.01205568472828e-08	1.06072314214194e-07	CPLM	1.01	2038	224	89
Wipf1	type	wound	-0.751020063511836	0.137387102096688	5.15484806550723e-08	1.08792926023412e-07	CPLM	1.01	2038	316	84
Arhgap6	type	wound	-0.686747298301163	0.125959400449365	5.58130009767779e-08	1.174686852514e-07	CPLM	1.01	2038	327	84
Plpp1	type	wound	-0.86393673535996	0.158481911676952	5.60626489802103e-08	1.1766995555187e-07	CPLM	1.01	2038	244	88
Pdlim5	type	wound	-1.02651040879222	0.188375288791706	5.670111270736e-08	1.18683972899789e-07	CPLM	1.01	2038	215	89
Akap13	type	wound	-0.585701738022529	0.108058921381775	6.65876738863839e-08	1.38997220899446e-07	CPLM	1.01	2038	395	81
Nipbl	type	wound	-0.733508649020756	0.135732993736881	7.27813893674433e-08	1.51512211108247e-07	CPLM	1.01	2038	315	85
Heg1	type	wound	-0.849633795964465	0.157584600068604	7.79338539572062e-08	1.61797457672026e-07	CPLM	1.01	2038	245	88
Cdh4	type	wound	-0.548585555284332	0.10198268731421	8.3416240940357e-08	1.72710048993043e-07	CPLM	1.01	2038	473	77
Pdzrn3	type	wound	-0.700019932403226	0.130183255883183	8.43411928077757e-08	1.74153165689569e-07	CPLM	1.01	2038	323	84
Abi1	type	wound	-0.838275498884492	0.156068094344948	8.7142758656848e-08	1.79453012436205e-07	CPLM	1.01	2038	258	87
Map4k4	type	wound	-0.834479106048049	0.155863206312826	9.5774591327983e-08	1.96698354232739e-07	CPLM	1.01	2038	273	87
Gmds	type	wound	0.54490195487094	0.102703086590082	1.24506265230061e-07	2.55020875699107e-07	CPLM	1.01	2038	333	84
Stxbp6	type	wound	-0.757989634602026	0.143891723206937	1.52664900636101e-07	3.11860920015993e-07	CPLM	1.01	2038	269	87
Pik3r1	type	wound	-0.957651445160245	0.181944654929789	1.56278567680592e-07	3.1839153522126e-07	CPLM	1.01	2038	246	88
Ssbp2	type	wound	-0.708273426772547	0.134673008691882	1.5985234164726e-07	3.24806353772625e-07	CPLM	1.01	2038	299	85
Zfpm2	type	wound	-0.487561428079567	0.0927650925696474	1.62738627908181e-07	3.29793930296685e-07	CPLM	1.01	2038	524	74
Rabgap1l	type	wound	0.465118207353291	0.088851411174199	1.82177941461545e-07	3.682115007318e-07	CPLM	1.01	2038	452	78
Susd6	type	wound	-0.943486039221634	0.180370681854829	1.86081201793512e-07	3.75108280132567e-07	CPLM	1.01	2038	236	88
Mef2c	type	wound	-0.80845482723972	0.155293715712694	2.12410342140994e-07	4.27056582620314e-07	CPLM	1.01	2038	248	88
Nbea	type	wound	0.530762511294204	0.102533180178642	2.48337888021478e-07	4.97979387003698e-07	CPLM	1.01	2038	362	82
Dis3l2	type	wound	0.546778413325177	0.105779977632329	2.58348802794453e-07	5.16697605588907e-07	CPLM	1.01	2038	318	84
Cacna2d1	type	wound	0.644038081267628	0.124671973827089	2.62688168112405e-07	5.24004596443543e-07	CPLM	1.01	2038	238	88
Ptpn12	type	wound	-0.880303467853481	0.170563259318222	2.69291033708686e-07	5.35776952482906e-07	CPLM	1.01	2038	230	89
Rad51b	type	wound	0.499988149862408	0.0971733770912853	2.92709313861481e-07	5.80856924130316e-07	CPLM	1.01	2038	404	80
Greb1l	type	wound	0.622378320807061	0.12141371261369	3.23792588666489e-07	6.4087445010673e-07	CPLM	1.01	2038	222	89
Camk2d	type	wound	-0.566904467582092	0.111119146200823	3.67714612364257e-07	7.25927555158379e-07	CPLM	1.01	2038	393	81
Tanc1	type	wound	-0.685511941816198	0.134793669590671	3.99960804674128e-07	7.87551687554211e-07	CPLM	1.01	2038	312	85
Large1	type	wound	0.462292205216806	0.0912318446002339	4.40109553517146e-07	8.64379688655783e-07	CPLM	1.01	2038	401	80
Tbx15	type	wound	-0.9125736202958	0.180852592267498	4.91335380024484e-07	9.62513411124887e-07	CPLM	1.01	2038	252	88
Ppfibp1	type	wound	-0.694852906367667	0.138506270230689	5.71085311167561e-07	1.11588024995401e-06	CPLM	1.01	2038	302	85
Snx9	type	wound	-0.942482774742431	0.189216080213131	6.8594023912443e-07	1.33688352727312e-06	CPLM	1.01	2038	207	90
Mir100hg	type	wound	-0.495631746373874	0.0996500759308897	7.11844128867183e-07	1.38383947698353e-06	CPLM	1.01	2038	480	76
Srgap1	type	wound	0.561818374436486	0.113548784605595	8.12117141921371e-07	1.57476521936022e-06	CPLM	1.01	2038	280	86
Mllt10	type	wound	-0.587917503085054	0.119382864322705	9.13249976395686e-07	1.76638729611722e-06	CPLM	1.01	2038	339	83
Kmt2c	type	wound	-0.666110572765347	0.135293341806371	9.18733247414561e-07	1.77250555814324e-06	CPLM	1.01	2038	282	86
Hip1	type	wound	-0.539169449561627	0.109724052152461	9.64285141221357e-07	1.85570238764009e-06	CPLM	1.01	2038	404	80
Arid5b	type	wound	0.648260548886098	0.132106237265247	9.97665756780724e-07	1.91313379913549e-06	CPLM	1.01	2038	214	89
Cox16	type	wound	-0.768501092986181	0.156618877454051	9.99136630700342e-07	1.91313379913549e-06	CPLM	1.01	2038	239	88
Dach1	type	wound	0.719511570623808	0.146855952647592	1.03697576555078e-06	1.98062371220198e-06	CPLM	1.01	2038	243	88
Cblb	type	wound	-0.680109654098709	0.139204321954297	1.11110024901306e-06	2.11690920260842e-06	CPLM	1.01	2038	276	86
Tulp4	type	wound	-0.742822778325721	0.152112884550053	1.1241521431629e-06	2.13644835168273e-06	CPLM	1.01	2038	239	88
Fgd5	type	wound	-0.758628099839644	0.155442335701827	1.14071957844849e-06	2.16255523060707e-06	CPLM	1.01	2038	246	88
Erc1	type	wound	0.635658456858443	0.130351000912907	1.16342281807278e-06	2.20013622031585e-06	CPLM	1.01	2038	227	89
Mical3	type	wound	-0.702444512424462	0.144569312142739	1.27068356465303e-06	2.39704257628374e-06	CPLM	1.01	2038	271	87
Wwtr1	type	wound	-0.736024130663528	0.152367165412439	1.46282020851985e-06	2.75269615593391e-06	CPLM	1.01	2038	235	88
Pde7b	type	wound	0.528171697461849	0.109377206111528	1.47517850181002e-06	2.76913114344683e-06	CPLM	1.01	2038	333	84
Nr3c2	type	wound	-0.56950806420963	0.118869397426404	1.77901170299017e-06	3.33128662030513e-06	CPLM	1.01	2038	397	81
Tanc2	type	wound	-0.497804018447244	0.104442079678218	2.00899259913082e-06	3.75273923162824e-06	CPLM	1.01	2038	468	77
Gnb1	type	wound	-0.842581833630237	0.17727753277014	2.14552631548072e-06	3.99800513421286e-06	CPLM	1.01	2038	219	89
Foxp1	type	wound	-0.392764311067774	0.0829256088327395	2.32623420654188e-06	4.32419205303648e-06	CPLM	1.01	2038	609	70
Mkln1	type	wound	-0.759248338633715	0.160346006987807	2.3408352733045e-06	4.34077220583649e-06	CPLM	1.01	2038	225	89
Gphn	type	wound	0.258529124168479	0.0547602575218611	2.50544421484694e-06	4.63476847492266e-06	CPLM	1.01	2038	1053	48
Ppp1r12a	type	wound	-0.654553239840985	0.138890778915946	2.60970578886199e-06	4.81597879876947e-06	CPLM	1.01	2038	287	86
Srgap2	type	wound	-0.626239622284854	0.133093951927014	2.70609565202813e-06	4.98182428469757e-06	CPLM	1.01	2038	302	85
Pard3b	type	wound	-0.293829038583203	0.062958193723942	3.25448339436676e-06	5.97698392619281e-06	CPLM	1.01	2038	817	60
Ube2h	type	wound	-0.749947303245667	0.1612593834764	3.52279412157686e-06	6.4542319157907e-06	CPLM	1.01	2038	238	88
Hivep2	type	wound	-0.656029385703014	0.141238031837009	3.6206908447202e-06	6.61772202240726e-06	CPLM	1.01	2038	279	86
Prickle1	type	wound	-0.645783098429958	0.139204980683703	3.72213923393736e-06	6.77372055316942e-06	CPLM	1.01	2038	267	87
Afdn	type	wound	-0.737755941995782	0.159033786012934	3.72377307896748e-06	6.77372055316942e-06	CPLM	1.01	2038	247	88
Usp34	type	wound	-0.574415118923534	0.123981661455314	3.83081966740153e-06	6.95189127290918e-06	CPLM	1.01	2038	328	84
Eln	type	wound	-0.741375305433089	0.160385902048266	4.03013831705102e-06	7.29626937020612e-06	CPLM	1.01	2038	293	86
Fchsd2	type	wound	0.616179489704177	0.133380991914653	4.08339602209385e-06	7.375211727848e-06	CPLM	1.01	2038	204	90
Gulp1	type	wound	-0.578684798066495	0.126400453488922	4.97335677481542e-06	8.96142588669571e-06	CPLM	1.01	2038	329	84
Arih1	type	wound	-0.747754545856743	0.164823151141823	6.04668991911329e-06	1.08698143487119e-05	CPLM	1.01	2038	218	89
Zfp638	type	wound	-0.692601050632219	0.152841244160504	6.19601434713656e-06	1.11121008479163e-05	CPLM	1.01	2038	244	88
Rin2	type	wound	0.603568568617182	0.133534720434376	6.54086425771777e-06	1.17030920208346e-05	CPLM	1.01	2038	219	89
Elp4	type	wound	0.590413297275496	0.132355137929194	8.60951672744297e-06	1.53683896723515e-05	CPLM	1.01	2038	215	89
Stag1	type	wound	-0.4186106099443	0.0942039830999775	9.31900778582348e-06	1.65960884577369e-05	CPLM	1.01	2038	455	78
Syne2	type	wound	0.511075584950972	0.11516282033858	9.57153736428742e-06	1.70061733635246e-05	CPLM	1.01	2038	267	87
Jmjd1c	type	wound	-0.592778605018995	0.133725300608181	9.79610285729865e-06	1.73647855753507e-05	CPLM	1.01	2038	305	85
Cped1	type	wound	-0.372207904883463	0.0842591328996085	1.05127719231769e-05	1.85920318271e-05	CPLM	1.01	2038	614	70
Tshz2	type	wound	-0.31704496250418	0.0717892014928217	1.0565240579814e-05	1.86416716004109e-05	CPLM	1.01	2038	830	59
Med13l	type	wound	-0.621716721366205	0.141047979780089	1.09839599511214e-05	1.93358189001308e-05	CPLM	1.01	2038	272	87
Trps1	type	wound	-0.560536098501009	0.127207674686046	1.10531715216271e-05	1.94129265345358e-05	CPLM	1.01	2038	357	82
Ncor1	type	wound	-0.630909678068116	0.143535762460888	1.16212232785185e-05	2.03637949192388e-05	CPLM	1.01	2038	263	87
Adam10	type	wound	-0.72110512142368	0.164131117632777	1.17286360916015e-05	2.05049839221592e-05	CPLM	1.01	2038	222	89
Rock2	type	wound	-0.599528911496222	0.137052537481453	1.27890314402984e-05	2.2307808265726e-05	CPLM	1.01	2038	274	87
Fli1	type	wound	-0.586800656685272	0.134983516941491	1.44681958030706e-05	2.51792747005602e-05	CPLM	1.01	2038	337	83
Spag9	type	wound	-0.584509156190875	0.134596288358463	1.47662719149875e-05	2.56396175978419e-05	CPLM	1.01	2038	301	85
Oxr1	type	wound	0.510321797131023	0.11806501330679	1.61796474985253e-05	2.8030046913545e-05	CPLM	1.01	2038	283	86
Pdgfd	type	wound	-0.531458673901349	0.123013596161715	1.63296665871607e-05	2.82259395307484e-05	CPLM	1.01	2038	307	85
Cep112	type	wound	0.515237383872448	0.119459236225123	1.68691415697234e-05	2.9092605325663e-05	CPLM	1.01	2038	254	88
Kalrn	type	wound	0.39743485353026	0.0925821763554064	1.84732345424114e-05	3.1787277455861e-05	CPLM	1.01	2038	414	80
Hspa12b	type	wound	-0.91332281432535	0.213143867563928	1.91250762874371e-05	3.28349624350605e-05	CPLM	1.01	2038	204	90
Babam2	type	wound	0.479437633276605	0.112994786324972	2.30438314348374e-05	3.94741865834434e-05	CPLM	1.01	2038	277	86
Osbpl9	type	wound	-0.593905184777624	0.140406119410193	2.44147740047049e-05	4.17290544509946e-05	CPLM	1.01	2038	273	87
Cuedc1	type	wound	-0.623665233903339	0.147486311134213	2.4552655204725e-05	4.18710459294863e-05	CPLM	1.01	2038	274	87
Peak1	type	wound	-0.490901714021894	0.116147273153662	2.47792622689635e-05	4.21633772238043e-05	CPLM	1.01	2038	357	82
Tnrc6b	type	wound	-0.464576430706488	0.10999314722748	2.50932006952035e-05	4.26026785136344e-05	CPLM	1.01	2038	354	83
Prex2	type	wound	-0.437400293722229	0.103765788501543	2.60395797447061e-05	4.41113945120965e-05	CPLM	1.01	2038	434	79
St6galnac3	type	wound	0.470670055171232	0.113294149722957	3.39613919363229e-05	5.74037686711299e-05	CPLM	1.01	2038	386	81
Prkcb	type	wound	0.534142630610408	0.128757863678947	3.4852964011965e-05	5.87807163468902e-05	CPLM	1.01	2038	227	89
Rapgef5	type	wound	0.558261143733555	0.134811315187709	3.59826275129995e-05	6.05522630394969e-05	CPLM	1.01	2038	228	89
Phf14	type	wound	-0.665269954792779	0.160915869462293	3.70528432075607e-05	6.22162026606074e-05	CPLM	1.01	2038	206	90
Rev3l	type	wound	-0.659416646846823	0.159625355587187	3.75754038183644e-05	6.29552818360316e-05	CPLM	1.01	2038	217	89
Cog5	type	wound	0.530869830625306	0.128830547322494	3.92883367893293e-05	6.56811582211107e-05	CPLM	1.01	2038	225	89
Flt1	type	wound	0.525319876253248	0.127605416343791	3.99584841972164e-05	6.66556373944832e-05	CPLM	1.01	2038	241	88
D5Ertd615e	type	wound	0.571953469449284	0.139156510972326	4.11094318918765e-05	6.842615678735e-05	CPLM	1.01	2038	219	89
Zswim6	type	wound	-0.688955544189664	0.167811949009514	4.19335675413942e-05	6.96461860904895e-05	CPLM	1.01	2038	208	90
Smg1	type	wound	-0.624679651924916	0.153033653382764	4.63793402379588e-05	7.68629413054241e-05	CPLM	1.01	2038	263	87
Ptpn3	type	wound	-0.693560896208511	0.17019933110888	4.77817196067177e-05	7.90156575314553e-05	CPLM	1.01	2038	210	90
Ptpn14	type	wound	-0.626016591911505	0.15443409419287	5.23282909231875e-05	8.63473310265989e-05	CPLM	1.01	2038	249	88
Elf2	type	wound	-0.635314671841764	0.157185017143586	5.50084503480854e-05	9.05742587627958e-05	CPLM	1.01	2038	247	88
Map4k3	type	wound	-0.678628049100832	0.168251711167861	5.70011901761508e-05	9.36535683754392e-05	CPLM	1.01	2038	208	90
Stk3	type	wound	-0.488921729644458	0.121585351409836	6.00078945314485e-05	9.83820416781687e-05	CPLM	1.01	2038	313	85
Fyn	type	wound	-0.531514685591441	0.132226524545606	6.03866946515443e-05	9.87910807575585e-05	CPLM	1.01	2038	297	85
Dock7	type	wound	0.537509312470268	0.133988049413064	6.24817714972781e-05	0.000102000156888719	CPLM	1.01	2038	206	90
Cdc42bpa	type	wound	-0.504630578155907	0.125828779632588	6.27889551059807e-05	0.000102065450427594	CPLM	1.01	2038	317	84
Pten	type	wound	-0.757174187135256	0.1887887642313	6.27254447546439e-05	0.000102065450427594	CPLM	1.01	2038	204	90
Sorbs1	type	wound	0.433203711721263	0.108715877358808	6.99345134787385e-05	0.000113439423137487	CPLM	1.01	2038	304	85
Arhgap42	type	wound	-0.568319136122364	0.143698661484352	7.91735567486945e-05	0.000128153807957633	CPLM	1.01	2038	255	87
Pcdh7	type	wound	0.463946752654805	0.117450288806336	8.07600732183609e-05	0.000130445445959467	CPLM	1.01	2038	300	85
Lyn	type	wound	0.459292036197654	0.116801845905105	8.69765826861148e-05	0.000140190103738801	CPLM	1.01	2038	263	87
Prkch	type	wound	-0.486002980113601	0.124153420907632	9.35572749850251e-05	0.000150163357328906	CPLM	1.01	2038	342	83
Cmip	type	wound	-0.437480162053883	0.111745910129576	9.33961636460145e-05	0.000150163357328906	CPLM	1.01	2038	364	82
Sbf2	type	wound	-0.396469471645565	0.101790409694876	0.000101384014418859	0.000162384459153058	CPLM	1.01	2038	430	79
Gtdc1	type	wound	0.477745384511425	0.123396094604189	0.000111513659151688	0.000178235220903535	CPLM	1.01	2038	251	88
Gpatch8	type	wound	-0.592804444246563	0.153247739981061	0.000113052388890493	0.00018031738019277	CPLM	1.01	2038	222	89
Agmo	type	wound	0.475661037510771	0.123788562819421	0.000125503900526695	0.00019976037500499	CPLM	1.01	2038	281	86
Mcc	type	wound	0.386648654067003	0.101121590199488	0.000135470211365679	0.000215175138219082	CPLM	1.01	2038	356	83
Tacc1	type	wound	0.51177909615245	0.134188384797587	0.000140871876044033	0.000223290691488882	CPLM	1.01	2038	213	90
Fto	type	wound	-0.418447930518714	0.110651127337688	0.000160259381493653	0.00025349517072702	CPLM	1.01	2038	405	80
Robo2	type	wound	0.454750923912518	0.121330211718369	0.000183184956301296	0.000289159724409484	CPLM	1.01	2038	345	83
Ldlrad4	type	wound	-0.373376205807534	0.0997463524381869	0.000186687212106217	0.000294080474328145	CPLM	1.01	2038	441	78
Spop	type	wound	-0.515285136282766	0.138786626698675	0.000210499821780767	0.000330909184857008	CPLM	1.01	2038	275	87
Csgalnact1	type	wound	0.47572497154618	0.128760456794556	0.000225998618121578	0.000354544033357055	CPLM	1.01	2038	246	88
Ctdspl	type	wound	-0.578661888157683	0.156871801907594	0.00023126281233301	0.000362058993078729	CPLM	1.01	2038	213	90
Arid1b	type	wound	-0.395226033889489	0.107215062473581	0.000233497694755945	0.000364810304281272	CPLM	1.01	2038	382	81
Fbxl17	type	wound	-0.377082297625955	0.1028971780516	0.000254011722874597	0.000396050931175903	CPLM	1.01	2038	409	80
Elf1	type	wound	-0.552730659761785	0.150872719992196	0.000255093888717392	0.000396928169002215	CPLM	1.01	2038	220	89
Plcb4	type	wound	-0.412849453083127	0.112772706754707	0.000257736902690485	0.000400225596860835	CPLM	1.01	2038	368	82
Adamts2	type	wound	-0.440063114955171	0.120361452223303	0.000262493758545156	0.000406785459489856	CPLM	1.01	2038	319	84
Gse1	type	wound	0.40214194449702	0.110195763620771	0.000269533820528519	0.000416849876282973	CPLM	1.01	2038	302	85
Cnot4	type	wound	-0.545431582835658	0.150157102601745	0.000287737644909158	0.000444104163051711	CPLM	1.01	2038	230	89
Tmeff2	type	wound	0.465330325907684	0.128410036822634	0.000297441818731473	0.000458156349820252	CPLM	1.01	2038	218	89
Ubn2	type	wound	-0.47627621315197	0.132296098848606	0.000325731306418241	0.000500721766807919	CPLM	1.01	2038	287	86
Tspan9	type	wound	-0.494250752162039	0.139943470713324	0.000421943784802499	0.000647319380701022	CPLM	1.01	2038	242	88
Rbpms	type	wound	-0.474075645029269	0.134532751460593	0.000434680088690641	0.000665522219959218	CPLM	1.01	2038	289	86
Asap1	type	wound	-0.365552021082211	0.104785919067878	0.000495945622149934	0.000756892484765456	CPLM	1.01	2038	394	81
Ano6	type	wound	-0.440043912659459	0.1261468224784	0.000496339181763735	0.000756892484765456	CPLM	1.01	2038	296	85
9530026P05Rik	type	wound	0.376611513649679	0.10803798441168	0.000500841602437544	0.000762237020442796	CPLM	1.01	2038	320	84
Setbp1	type	wound	-0.383408442181502	0.110043008898017	0.000504105638645433	0.000765679339811353	CPLM	1.01	2038	361	82
Sorbs2	type	wound	0.440371275817804	0.126432117558091	0.000506176779744384	0.00076729972167601	CPLM	1.01	2038	248	88
Hecw2	type	wound	0.39977931019805	0.115009364276438	0.000519505780329916	0.000785945378558526	CPLM	1.01	2038	297	85
Csnk1g1	type	wound	0.478120228389302	0.137854637097836	0.000534662737829021	0.000807277335378206	CPLM	1.01	2038	207	90
Pdzd2	type	wound	0.385385105518174	0.11144371748319	0.0005551525714704	0.000836561271407072	CPLM	1.01	2038	282	86
Insr	type	wound	-0.524423042285393	0.152273814981941	0.000584891141804275	0.000879639433737137	CPLM	1.01	2038	234	89
Fgf13	type	wound	-0.528624305093699	0.153750362929204	0.000597377258137499	0.000896652701801669	CPLM	1.01	2038	235	88
Bmpr2	type	wound	-0.519682577977725	0.151228434727792	0.000601317420836691	0.00090079707748869	CPLM	1.01	2038	235	88
Ust	type	wound	-0.449988518089054	0.13181027192512	0.00065291890965682	0.000976184044966361	CPLM	1.01	2038	309	85
Ptprm	type	wound	-0.281267098024901	0.0828224632651152	0.000696854797152995	0.00103983801762673	CPLM	1.01	2038	616	70
Nsd3	type	wound	-0.506370074368397	0.150028713100827	0.000751589265463316	0.00111932592361398	CPLM	1.01	2038	232	89
Abcc4	type	wound	-0.412638585240114	0.122436148641099	0.000765060608798363	0.00113717179984815	CPLM	1.01	2038	287	86
Pkp4	type	wound	-0.466808977231196	0.138810239796344	0.000785481460463324	0.00116525793358054	CPLM	1.01	2038	244	88
Dnm3	type	wound	0.349437707958955	0.10404452014925	0.000797990617904072	0.0011815209924006	CPLM	1.01	2038	358	82
Smarca2	type	wound	-0.43080253429873	0.128706869750185	0.000831293587563705	0.00122844932475565	CPLM	1.01	2038	294	86
Plcb1	type	wound	0.34581325738246	0.10383848819093	0.000883015110552859	0.00130236205494669	CPLM	1.206	2038	528	74
Sp100	type	wound	0.43826490496419	0.133010732834325	0.00100125004282805	0.00147390179714958	CPLM	1.01	2038	241	88
Piezo2	type	wound	0.371402281342522	0.113755914877303	0.00111316512783262	0.00163549645704639	CPLM	1.01	2038	345	83
Itga9	type	wound	0.40967652209592	0.1255083653165	0.00111617131535014	0.00163676561406431	CPLM	1.01	2038	246	88
Tcf7l2	type	wound	-0.404710449200563	0.124676159666097	0.00118899423794605	0.00174021378887123	CPLM	1.01	2038	310	85
Arhgap31	type	wound	-0.373805901228467	0.117096011102981	0.00143296469380475	0.00209327920854078	CPLM	1.01	2038	337	83
Atxn1	type	wound	0.261849789466126	0.0826800765212982	0.00156288775055748	0.00227871420119449	CPLM	1.01	2038	509	75
Nhsl1	type	wound	-0.451700224011031	0.143358275168085	0.00165162979544816	0.00240351459756647	CPLM	1.01	2038	240	88
Lrmda	type	wound	0.229921226330217	0.073030998632674	0.00166620402016981	0.00242011382397287	CPLM	1.01	2038	617	70
Map4	type	wound	-0.381958655495344	0.121851589599383	0.00174529509308389	0.00253018112166241	CPLM	1.01	2038	330	84
Tmtc1	type	wound	-0.403041279646018	0.12939625290997	0.00186644240987513	0.00270068560822841	CPLM	1.01	2038	312	85
Etv6	type	wound	-0.381106504899014	0.122751520683907	0.00193094460079412	0.00278873662572157	CPLM	1.01	2038	309	85
Baz2b	type	wound	-0.326599976682497	0.105278396765826	0.00194690971288607	0.00280648871819803	CPLM	1.01	2038	399	80
Zfp385b	type	wound	0.391932593468511	0.126708150626815	0.00200704597541392	0.00288772716613227	CPLM	1.01	2038	253	88
Kif13a	type	wound	0.394952111195812	0.127784322181712	0.00202339945123671	0.00290033242166013	CPLM	1.01	2038	238	88
Mtmr3	type	wound	-0.467628658665888	0.151284412440974	0.00202146625455679	0.00290033242166013	CPLM	1.01	2038	210	90
Ptprg	type	wound	-0.311121039284977	0.101309561829203	0.00216168274049632	0.00309274459501721	CPLM	1.01	2038	485	76
Rbm6	type	wound	-0.374403243139866	0.121948945801266	0.00216767129471761	0.00309551564329767	CPLM	1.01	2038	330	84
Slc8a1	type	wound	-0.36284229047915	0.119080307654827	0.00234076829864789	0.0033364682465802	CPLM	1.01	2038	318	84
Brwd1	type	wound	-0.453245439465859	0.149355981334635	0.00243850030731929	0.0034693002510092	CPLM	1.01	2038	231	89
Zdhhc1	type	wound	0.453599669840125	0.14958450620922	0.00245681533613515	0.00348886044016218	CPLM	1.01	2038	211	90
Prkca	type	wound	0.305512649739283	0.101155914374728	0.00255736097065164	0.00362490497509806	CPLM	1.01	2038	347	83
Fbxo11	type	wound	-0.423598656380141	0.140445373815468	0.00259208708209994	0.0036673232050451	CPLM	1.01	2038	260	87
Tnks2	type	wound	-0.454894936842051	0.151170086760126	0.00265185530191006	0.00374494907700422	CPLM	1.01	2038	223	89
Dnajc1	type	wound	-0.359703203153606	0.119822715954945	0.00271508319359867	0.00382194395968718	CPLM	1.01	2038	320	84
Jarid2	type	wound	-0.430058584165037	0.143266162120757	0.00271638163626982	0.00382194395968718	CPLM	1.01	2038	228	89
Cdk8	type	wound	0.164391621305744	0.0548852611627856	0.00277584851845714	0.00389843431636259	CPLM	1.281	2038	1565	23
Chchd3	type	wound	0.373433953652604	0.126428887889675	0.00317580140906729	0.00445194913124295	CPLM	1.01	2038	217	89
Itsn2	type	wound	-0.437804868579134	0.148496771248607	0.00323221840175031	0.00452273783688139	CPLM	1.01	2038	232	89
Ankrd12	type	wound	-0.421271206007363	0.143906920506982	0.00345615357554371	0.00482724192269724	CPLM	1.01	2038	231	89
Sntb2	type	wound	-0.349186861310169	0.119713796137418	0.00357459868506127	0.00498356459012191	CPLM	1.01	2038	304	85
Nbas	type	wound	0.384625484206783	0.132004287211388	0.00361027794762914	0.00502413907466059	CPLM	1.01	2038	223	89
Reln	type	wound	-0.322033580129186	0.111123539605729	0.00379592471825579	0.00527288451772259	CPLM	1.157	2038	376	82
Lrch1	type	wound	-0.397503214296633	0.137345188519736	0.00384181857102378	0.00532694988795312	CPLM	1.01	2038	261	87
Uvrag	type	wound	0.35833962494906	0.126100275683626	0.00453199272844251	0.00627254066038057	CPLM	1.01	2038	251	88
Msi2	type	wound	0.324330602084317	0.114456206417601	0.00464709394693155	0.00642021659214413	CPLM	1.01	2038	281	86
Plxna4	type	wound	-0.331463520268469	0.117065267225442	0.0046793961093387	0.00645317441793279	CPLM	1.01	2038	333	84
Opcml	type	wound	0.196142815087484	0.0693033020082267	0.00469740040847157	0.00646633137310321	CPLM	1.01	2038	716	65
Cyyr1	type	wound	-0.427244378761464	0.151585542899859	0.00487143758116638	0.00669384588491207	CPLM	1.107	2038	226	89
Ash1l	type	wound	-0.325114890071117	0.116609407966775	0.00535161945079437	0.00734046186787594	CPLM	1.01	2038	301	85
Ptprb	type	wound	-0.402961953747382	0.145091314428517	0.00553149746075301	0.00757359150540377	CPLM	1.01	2038	244	88
Herc1	type	wound	-0.393764956675061	0.143560955215499	0.00614435731752062	0.008397654723767	CPLM	1.01	2038	214	89
Meis2	type	wound	0.335517306452307	0.12237333273813	0.00616470146541527	0.00841041414210226	CPLM	1.01	2038	262	87
Agtpbp1	type	wound	-0.428488677051877	0.157183930558561	0.00646496266496414	0.0088043341818763	CPLM	1.01	2038	206	90
Nedd4l	type	wound	0.32269263660457	0.11904208004662	0.00676959841475499	0.00920279926845696	CPLM	1.01	2038	274	87
Arhgap23	type	wound	-0.427019548886526	0.158979077645131	0.00728981170660199	0.00989239101926096	CPLM	1.01	2038	207	90
Zfp148	type	wound	-0.389901019188239	0.145319733670397	0.00735430031549398	0.00996220822878972	CPLM	1.01	2038	229	89
Lrrk1	type	wound	0.345783920013038	0.129519570734816	0.0076512747333264	0.0103461484889582	CPLM	1.01	2038	222	89
Dysf	type	wound	0.345338291652976	0.130588761977028	0.00824470572415056	0.0111288960658145	CPLM	1.01	2038	211	90
Zbtb16	type	wound	0.341940607429815	0.130529641560111	0.00886765052586846	0.011948650796761	CPLM	1.01	2038	206	90
Efna5	type	wound	-0.300386372312013	0.116999821490789	0.0103169993670659	0.013852702137853	CPLM	1.01	2038	333	84
Rock1	type	wound	-0.362456904897284	0.141172446690558	0.0103149991386545	0.013852702137853	CPLM	1.01	2038	232	89
Cyp7b1	type	wound	0.345724450315421	0.134749586667748	0.0103683582464493	0.0138972380706795	CPLM	1.01	2038	226	89
Kdm2a	type	wound	-0.378865132682165	0.149308725284302	0.0112399986895204	0.0150391576161009	CPLM	1.01	2038	224	89
Rasgrf2	type	wound	-0.365722193059725	0.144781731966031	0.0116114157599613	0.0155089539171511	CPLM	1.01	2038	244	88
Sik3	type	wound	-0.290046004216002	0.115577978380453	0.0121663820747384	0.0162218427663179	CPLM	1.01	2038	332	84
Kif13b	type	wound	-0.37054656285564	0.148455893639152	0.0126386584392803	0.0168221864940943	CPLM	1.01	2038	215	89
Smg6	type	wound	-0.291469896407646	0.117311206110767	0.0130499959513105	0.0173394728813934	CPLM	1.01	2038	307	85
Etl4	type	wound	0.19324795161509	0.0781998421626866	0.0135471060184586	0.0179687308994832	CPLM	1.01	2038	663	67
Ascc3	type	wound	0.309273845007749	0.125331271666515	0.0136819774769233	0.0181161712172779	CPLM	1.01	2038	285	86
Lims1	type	wound	-0.307341048841552	0.126644541948008	0.0153189022259251	0.0202485143609114	CPLM	1.01	2038	290	86
March3	type	wound	-0.321262204772984	0.132732332037139	0.0155914505777585	0.0205731748556261	CPLM	1.01	2038	299	85
Lhfp	type	wound	-0.32826763333362	0.1358632807272	0.015772579265335	0.0207762940667516	CPLM	1.01	2038	247	88
Ptk2	type	wound	-0.311730259920997	0.129474237406652	0.0161434580731479	0.0212282305815576	CPLM	1.01	2038	277	86
Zfr	type	wound	-0.333344507477339	0.139110517120917	0.0166532207106339	0.0218609289053683	CPLM	1.01	2038	249	88
Akt3	type	wound	-0.344322522990428	0.144095102307786	0.0169595014975029	0.0222248012763159	CPLM	1.01	2038	238	88
Trio	type	wound	-0.296526503002979	0.124419657712841	0.0172504896753866	0.0225674214246496	CPLM	1.01	2038	310	85
Prkag2	type	wound	-0.251401970321978	0.105823371247017	0.0176089450382445	0.0229969812123398	CPLM	1.01	2038	385	81
Kidins220	type	wound	-0.388296271281518	0.164400089192767	0.0182752817217611	0.023826476510965	CPLM	1.01	2038	207	90
Slit2	type	wound	-0.29921780204194	0.127513165328785	0.0190428091124278	0.0247848486574018	CPLM	1.01	2038	348	83
4932438A13Rik	type	wound	-0.340309229742841	0.14847729323625	0.0220075493510434	0.0285948430343489	CPLM	1.01	2038	225	89
Sh3d19	type	wound	-0.268541184056611	0.117683461738729	0.0225983731245512	0.0293126605554451	CPLM	1.01	2038	321	84
Rabep1	type	wound	-0.332789585672673	0.146917936828837	0.0236088110958632	0.0305714096224398	CPLM	1.01	2038	221	89
Arhgap10	type	wound	-0.293528060208943	0.130683840981023	0.024804881099349	0.0320658699829147	CPLM	1.01	2038	256	87
Rsu1	type	wound	-0.326197494079811	0.145572244476982	0.0251468117875199	0.0324529800771372	CPLM	1.01	2038	231	89
Agap1	type	wound	0.263515358281143	0.11870886626034	0.0265390258590826	0.034191932135479	CPLM	1.01	2038	287	86
Esr1	type	wound	-0.213932854249272	0.0969298475449028	0.0274190037659549	0.035266193395942	CPLM	1.01	2038	400	80
Enox2	type	wound	-0.310153517139509	0.140928783565129	0.0278633682822935	0.0357775014582726	CPLM	1.01	2038	230	89
Sema3a	type	wound	0.221925492704034	0.100879136049653	0.027924946162441	0.0357964074968204	CPLM	1.01	2038	423	79
Cast	type	wound	-0.326035174856993	0.150371143504825	0.0302587262385734	0.0387230600440035	CPLM	1.01	2038	230	89
Arid4b	type	wound	-0.310366583302972	0.143293251173428	0.0304304381496655	0.0388776835223151	CPLM	1.01	2038	237	88
Rftn1	type	wound	-0.293905038418152	0.135993248228573	0.0307981724103692	0.0392818092179	CPLM	1.01	2038	235	88
Atrnl1	type	wound	-0.209187247321278	0.0969758495091876	0.0311140511617307	0.0396185584792704	CPLM	1.01	2038	438	79
Tom1l2	type	wound	-0.258307773231326	0.120757378750366	0.0325491153067424	0.0413769119706342	CPLM	1.01	2038	303	85
Pgm5	type	wound	-0.302235098044966	0.142355757983696	0.0338660531551225	0.04297950931979	CPLM	1.01	2038	255	87
Wasf2	type	wound	-0.312807705358174	0.147937844329707	0.034597794699154	0.0438353485077174	CPLM	1.01	2038	233	89
