""	"feature"	"metadata"	"value"	"coef"	"stderr"	"pval"	"qval"	"base.model"	"tweedie.index"	"N"	"N.not.zero"	"percent.zero"
"Ptprj"	"Ptprj"	"Sample_type"	"Wound"	3.10432790088142	0.0495382724135829	0	0	"CPLM"	1.01	15706	2146	86
"Cyp7b1"	"Cyp7b1"	"Sample_type"	"Wound"	1.76116246019371	0.0411161646510909	0	0	"CPLM"	1.101	15706	4014	74
"Ptprd"	"Ptprd"	"Sample_type"	"Wound"	2.42584984251957	0.0367637431353788	0	0	"CPLM"	1.01	15706	3029	81
"Cyfip1"	"Cyfip1"	"Sample_type"	"Wound"	2.11043701349374	0.050936028671287	0	0	"CPLM"	1.01	15706	2095	87
"Fgfr2"	"Fgfr2"	"Sample_type"	"Wound"	2.40519900476708	0.0316668501448646	0	0	"CPLM"	1.01	15706	3858	75
"Zfhx3"	"Zfhx3"	"Sample_type"	"Wound"	2.45691926898335	0.0465739890173299	0	0	"CPLM"	1.01	15706	2107	87
"Fhit"	"Fhit"	"Sample_type"	"Wound"	2.02192732821192	0.0473025191675049	0	0	"CPLM"	1.01	15706	2612	83
"App"	"App"	"Sample_type"	"Wound"	2.51674838028711	0.0313335802629472	0	0	"CPLM"	1.01	15706	4518	71
"St3gal4"	"St3gal4"	"Sample_type"	"Wound"	1.58318172633432	0.0424730566595265	1.76908858169205e-291	1.05976830274695e-289	"CPLM"	1.01	15706	4350	72
"Plcb1"	"Plcb1"	"Sample_type"	"Wound"	1.98587245237645	0.0596012883474316	2.89698613959911e-235	1.25669260814334e-233	"CPLM"	1.01	15706	2369	85
"Magi2"	"Magi2"	"Sample_type"	"Wound"	1.29144565231306	0.0412329907581757	6.1537478106693e-209	2.41919210806937e-207	"CPLM"	1.01	15706	4798	69
"Col1a2"	"Col1a2"	"Sample_type"	"Wound"	-3.31005791218095	0.11174651603027	1.11292960125625e-187	4.00018696680102e-186	"CPLM"	1.134	15706	12459	21
"Ctnna3"	"Ctnna3"	"Sample_type"	"Wound"	2.51734540201275	0.0860060555715892	2.06033031889748e-183	7.19970983659174e-182	"CPLM"	1.253	15706	1799	89
"Dse"	"Dse"	"Sample_type"	"Wound"	1.37481704791603	0.0485575854498842	4.84228110054599e-172	1.64637557418564e-170	"CPLM"	1.01	15706	4157	74
"Galnt17"	"Galnt17"	"Sample_type"	"Wound"	1.70466912968875	0.0607852937870398	6.64921298675703e-169	2.20123945719483e-167	"CPLM"	1.136	15706	2621	83
"Gphn"	"Gphn"	"Sample_type"	"Wound"	0.902915720708985	0.0330447561205849	1.22502363857253e-160	3.7587310666445e-159	"CPLM"	1.01	15706	9850	37
"Sema5a"	"Sema5a"	"Sample_type"	"Wound"	1.57389014438176	0.0587498558757006	1.24582496876955e-154	3.73154240645738e-153	"CPLM"	1.01	15706	2108	87
"Pdgfrb"	"Pdgfrb"	"Sample_type"	"Wound"	1.40707582036303	0.0553855389439198	1.43701339638676e-139	4.10855193785122e-138	"CPLM"	1.01	15706	2683	83
"Prkg1"	"Prkg1"	"Sample_type"	"Wound"	1.27255927819893	0.0511496612245746	4.86529914299153e-134	1.30224389827305e-132	"CPLM"	1.01	15706	3768	76
"Immp2l"	"Immp2l"	"Sample_type"	"Wound"	1.57794386760728	0.0640543269469629	1.67133792488135e-131	4.20508621900149e-130	"CPLM"	1.01	15706	2092	87
"Pdss2"	"Pdss2"	"Sample_type"	"Wound"	1.5617708077211	0.0663153859509341	1.50519114442774e-120	3.506537888315e-119	"CPLM"	1.01	15706	1618	90
"Chsy3"	"Chsy3"	"Sample_type"	"Wound"	1.45577062733027	0.0621416286284838	2.52216607384485e-119	5.76888167435786e-118	"CPLM"	1.01	15706	2034	87
"Prkn"	"Prkn"	"Sample_type"	"Wound"	1.01176312651664	0.045246280233464	4.69949407601786e-109	1.01930405993629e-107	"CPLM"	1.01	15706	4683	70
"Col1a1"	"Col1a1"	"Sample_type"	"Wound"	-2.86563423659235	0.13445670672521	2.2036014289617e-99	4.40020729783146e-98	"CPLM"	1.01	15706	11820	25
"Dpyd"	"Dpyd"	"Sample_type"	"Wound"	1.02762323145864	0.0485366567484411	4.04250176857243e-98	7.82379573056017e-97	"CPLM"	1.01	15706	3964	75
"Cacna1c"	"Cacna1c"	"Sample_type"	"Wound"	1.43073166316827	0.0679462120128848	4.33365344224633e-97	8.26020610658467e-96	"CPLM"	1.01	15706	1894	88
"Col3a1"	"Col3a1"	"Sample_type"	"Wound"	-2.44349002760571	0.116208689026568	8.03257310351627e-97	1.50820551704828e-95	"CPLM"	1.01	15706	9855	37
"Pld1"	"Pld1"	"Sample_type"	"Wound"	1.43076837282549	0.0684396313912465	9.56557124023118e-96	1.76963067944277e-94	"CPLM"	1.01	15706	1626	90
"Ank3"	"Ank3"	"Sample_type"	"Wound"	1.81193012039515	0.0882253248265069	1.629222310285e-92	2.92794523762647e-91	"CPLM"	1.284	15706	1699	89
"Dnm3"	"Dnm3"	"Sample_type"	"Wound"	1.33297405100037	0.0668274968785204	1.94062414957368e-87	3.39070163911624e-86	"CPLM"	1.01	15706	1825	88
"Htt"	"Htt"	"Sample_type"	"Wound"	1.42480056942583	0.0719734890360521	3.6011910373637e-86	6.2058881164432e-85	"CPLM"	1.01	15706	1629	90
"Sgcd"	"Sgcd"	"Sample_type"	"Wound"	1.1041809326784	0.0571281945935073	2.80830417768777e-82	4.64848244148844e-81	"CPLM"	1.01	15706	3706	76
"St6galnac5"	"St6galnac5"	"Sample_type"	"Wound"	1.11153259666229	0.0602421375573641	3.18483688895201e-75	4.88600586134345e-74	"CPLM"	1.097	15706	3118	80
"Slc39a11"	"Slc39a11"	"Sample_type"	"Wound"	1.31321741280829	0.0725304395094518	1.56798479722418e-72	2.34824389870002e-71	"CPLM"	1.01	15706	1581	90
"Antxr1"	"Antxr1"	"Sample_type"	"Wound"	0.723779484953231	0.0401591676945125	6.83843126376268e-72	1.0003193639318e-70	"CPLM"	1.01	15706	6358	60
"Ghr"	"Ghr"	"Sample_type"	"Wound"	-1.2700525196586	0.0714270412018429	4.80714251058465e-70	6.79481491945561e-69	"CPLM"	1.137	15706	9969	37
"Cdh4"	"Cdh4"	"Sample_type"	"Wound"	-1.29123783965296	0.0732594343294119	7.2154594008075e-69	1.00856088069065e-67	"CPLM"	1.2	15706	7647	51
"Fars2"	"Fars2"	"Sample_type"	"Wound"	1.04004666438797	0.0610823732450687	1.96174681874175e-64	2.65363171825497e-63	"CPLM"	1.01	15706	2542	84
"Atxn1"	"Atxn1"	"Sample_type"	"Wound"	0.791726891581139	0.0467330089376524	8.19924398232988e-64	1.08575251892326e-62	"CPLM"	1.01	15706	4911	69
"Ptprm"	"Ptprm"	"Sample_type"	"Wound"	0.876642261142915	0.0538127821834618	3.51744429945566e-59	4.51524992726042e-58	"CPLM"	1.01	15706	3711	76
"Slc8a1"	"Slc8a1"	"Sample_type"	"Wound"	1.2150667738297	0.0749849506708924	1.40742969580778e-58	1.78843086598605e-57	"CPLM"	1.01	15706	1925	88
"Sp100"	"Sp100"	"Sample_type"	"Wound"	1.27587568847201	0.0789306303522623	2.65090206365705e-58	3.33483479608057e-57	"CPLM"	1.01	15706	1663	89
"Iqgap2"	"Iqgap2"	"Sample_type"	"Wound"	1.21031486293105	0.0750567002163385	4.95043307783566e-58	6.16598496229431e-57	"CPLM"	1.01	15706	1753	89
"Pbx1"	"Pbx1"	"Sample_type"	"Wound"	-1.07329303562664	0.0667485931617723	1.02395948957829e-57	1.250622366883e-56	"CPLM"	1.01	15706	8613	45
"Magi1"	"Magi1"	"Sample_type"	"Wound"	1.18464625175084	0.0740049175824184	3.20282514156853e-57	3.83728955056496e-56	"CPLM"	1.01	15706	2237	86
"Negr1"	"Negr1"	"Sample_type"	"Wound"	0.953289860701894	0.0596404660857903	4.65948967599751e-57	5.52984718151402e-56	"CPLM"	1.01	15706	3193	80
"Rcor1"	"Rcor1"	"Sample_type"	"Wound"	1.01966632690351	0.0690500540419763	5.0930061006999e-49	5.62017690761445e-48	"CPLM"	1.01	15706	2298	85
"Cdk14"	"Cdk14"	"Sample_type"	"Wound"	0.705235150384948	0.0482884425520547	5.41466524405707e-48	5.92317293654243e-47	"CPLM"	1.01	15706	4759	70
"Rptor"	"Rptor"	"Sample_type"	"Wound"	1.06090540919656	0.0730695043819041	1.86052051414348e-47	2.00045709982265e-46	"CPLM"	1.01	15706	1850	88
"Rrbp1"	"Rrbp1"	"Sample_type"	"Wound"	-1.76521806138446	0.121894476452496	3.19443310745541e-47	3.37697214216715e-46	"CPLM"	1.01	15706	6536	58
"Acaca"	"Acaca"	"Sample_type"	"Wound"	1.05373735217797	0.0736370237420738	3.70317916215598e-46	3.7569349887034e-45	"CPLM"	1.01	15706	2110	87
"Nedd4l"	"Nedd4l"	"Sample_type"	"Wound"	1.09869278807561	0.0769828873547809	6.34413471687529e-46	6.3847371790633e-45	"CPLM"	1.01	15706	1701	89
"Dapk1"	"Dapk1"	"Sample_type"	"Wound"	-1.09479824624707	0.0784831839889934	5.79892304796599e-44	5.65507379406295e-43	"CPLM"	1.01	15706	7596	52
"Mitf"	"Mitf"	"Sample_type"	"Wound"	-1.32411994966675	0.0960441593768462	5.46398612742452e-43	5.20734435477276e-42	"CPLM"	1.01	15706	6552	58
"Camkmt"	"Camkmt"	"Sample_type"	"Wound"	1.0428317722833	0.0756448557655634	5.51531900042139e-43	5.2167453402482e-42	"CPLM"	1.01	15706	1766	89
"St3gal3"	"St3gal3"	"Sample_type"	"Wound"	1.02416532668788	0.0749627175190491	2.97258376703443e-42	2.74963998450685e-41	"CPLM"	1.01	15706	1830	88
"Col5a2"	"Col5a2"	"Sample_type"	"Wound"	-1.13051564768893	0.0827727937847019	3.14997064921937e-42	2.89245480052406e-41	"CPLM"	1.01	15706	6974	56
"C7"	"C7"	"Sample_type"	"Wound"	-2.14267042212509	0.157272946006318	5.00470698385571e-42	4.56226187368876e-41	"CPLM"	1.204	15706	4505	71
"Zeb2"	"Zeb2"	"Sample_type"	"Wound"	-0.942604382301534	0.0698353804995175	2.74792083668794e-41	2.46920315182388e-40	"CPLM"	1.01	15706	8227	48
"Pcca"	"Pcca"	"Sample_type"	"Wound"	1.03013550597324	0.0764341651327023	3.59755870051281e-41	3.18713298960923e-40	"CPLM"	1.01	15706	1767	89
"Gmds"	"Gmds"	"Sample_type"	"Wound"	0.89439589827464	0.0674547355185308	6.54076033605063e-40	5.63580582380253e-39	"CPLM"	1.01	15706	2405	85
"Large1"	"Large1"	"Sample_type"	"Wound"	0.663269326525522	0.0506721592922764	6.05163218395342e-39	5.00852189961408e-38	"CPLM"	1.01	15706	4534	71
"Adcy2"	"Adcy2"	"Sample_type"	"Wound"	0.787805216101971	0.0612010728042759	9.98644152215012e-38	8.15775547718497e-37	"CPLM"	1.01	15706	2970	81
"Lpar1"	"Lpar1"	"Sample_type"	"Wound"	-1.59857406526753	0.124388513782813	1.30585881922328e-37	1.05985186747283e-36	"CPLM"	1.01	15706	5257	67
"Smyd3"	"Smyd3"	"Sample_type"	"Wound"	0.843119033918294	0.0667385748514272	2.08386378420711e-36	1.65917762059022e-35	"CPLM"	1.01	15706	2665	83
"Sorbs1"	"Sorbs1"	"Sample_type"	"Wound"	1.05131258119508	0.0842120880895958	1.34519720028833e-35	1.03819513985443e-34	"CPLM"	1.01	15706	1788	89
"Nrp1"	"Nrp1"	"Sample_type"	"Wound"	1.02961084833865	0.0833603175046878	6.95680837314127e-35	5.20932436512602e-34	"CPLM"	1.01	15706	1642	90
"Plce1"	"Plce1"	"Sample_type"	"Wound"	0.828515292727152	0.0677965448130892	3.44956922099731e-34	2.5677858461625e-33	"CPLM"	1.01	15706	2484	84
"Il1r1"	"Il1r1"	"Sample_type"	"Wound"	0.874916327888548	0.0721548648125485	1.09402758854232e-33	8.04846027126452e-33	"CPLM"	1.01	15706	2184	86
"Plpp3"	"Plpp3"	"Sample_type"	"Wound"	-1.71362051406936	0.141400045568321	1.18464500865386e-33	8.66443849352652e-33	"CPLM"	1.01	15706	5225	67
"Ralgapa1"	"Ralgapa1"	"Sample_type"	"Wound"	0.808941450749508	0.0669671944996132	1.9032325434385e-33	1.3760152526699e-32	"CPLM"	1.01	15706	2669	83
"Ncam2"	"Ncam2"	"Sample_type"	"Wound"	1.05825565634689	0.0877438006072554	2.39020607789599e-33	1.71821671199609e-32	"CPLM"	1.175	15706	1798	89
"Egfr"	"Egfr"	"Sample_type"	"Wound"	-1.60806089248171	0.133680258398396	3.49361303921705e-33	2.49713932007673e-32	"CPLM"	1.01	15706	6320	60
"Ahnak"	"Ahnak"	"Sample_type"	"Wound"	-1.21646404839585	0.10209830332784	1.37211085605029e-32	9.5895303161737e-32	"CPLM"	1.01	15706	6449	59
"Maml3"	"Maml3"	"Sample_type"	"Wound"	0.91004821120601	0.0778460345597991	1.92719285289674e-31	1.31049113996978e-30	"CPLM"	1.01	15706	2280	85
"Agap1"	"Agap1"	"Sample_type"	"Wound"	0.91123846245029	0.0789866144353332	1.14647160868426e-30	7.75409292325162e-30	"CPLM"	1.01	15706	1874	88
"Anxa2"	"Anxa2"	"Sample_type"	"Wound"	0.855204137869931	0.0743259921212914	1.62850718212076e-30	1.09554119524488e-29	"CPLM"	1.01	15706	2435	84
"Arfgef1"	"Arfgef1"	"Sample_type"	"Wound"	0.810108465111915	0.0712697681130178	8.00370205822094e-30	5.27154826661882e-29	"CPLM"	1.01	15706	2579	84
"Erc1"	"Erc1"	"Sample_type"	"Wound"	0.89070925716588	0.0793157187595486	3.7549481656063e-29	2.42242297042704e-28	"CPLM"	1.01	15706	1801	89
"Ust"	"Ust"	"Sample_type"	"Wound"	-0.954430676320872	0.0853155271634046	6.06967547774716e-29	3.87596535584057e-28	"CPLM"	1.01	15706	6091	61
"Man1a"	"Man1a"	"Sample_type"	"Wound"	-0.652203253069654	0.0586594163977571	1.30437906586224e-28	8.28741850936717e-28	"CPLM"	1.01	15706	8407	46
"Mapkap1"	"Mapkap1"	"Sample_type"	"Wound"	0.901927407617153	0.0815629807469967	2.5494233473936e-28	1.61164551307596e-27	"CPLM"	1.01	15706	1742	89
"Map3k20"	"Map3k20"	"Sample_type"	"Wound"	0.916549275865713	0.0830579385989399	3.28673455340519e-28	2.06735603409187e-27	"CPLM"	1.01	15706	1733	89
"Plcb4"	"Plcb4"	"Sample_type"	"Wound"	0.965211410065426	0.0896222742529742	5.93944367730686e-27	3.64479031514733e-26	"CPLM"	1.01	15706	1643	90
"Snrnp70"	"Snrnp70"	"Sample_type"	"Wound"	-2.53905115417912	0.236024094804377	6.77232604898484e-27	4.13572144156453e-26	"CPLM"	1.01	15706	6259	60
"Ext1"	"Ext1"	"Sample_type"	"Wound"	-0.862347745314862	0.0802017151629906	7.17445640480435e-27	4.36012857837868e-26	"CPLM"	1.01	15706	6330	60
"Rapgef6"	"Rapgef6"	"Sample_type"	"Wound"	0.906497419557993	0.0863374594520774	1.05682106684571e-25	6.33086143853287e-25	"CPLM"	1.01	15706	1634	90
"Ror1"	"Ror1"	"Sample_type"	"Wound"	0.729899602577068	0.0699629804727907	2.12958509062946e-25	1.26967679810989e-24	"CPLM"	1.01	15706	2657	83
"Inpp5a"	"Inpp5a"	"Sample_type"	"Wound"	0.862809109973195	0.0835611948984883	6.49370847586841e-25	3.79957454076394e-24	"CPLM"	1.01	15706	1753	89
"Babam2"	"Babam2"	"Sample_type"	"Wound"	0.727329632925039	0.0705284241557521	7.42079722971704e-25	4.32192727545557e-24	"CPLM"	1.01	15706	2441	84
"Ttn"	"Ttn"	"Sample_type"	"Wound"	-1.79986135545842	0.174904598556435	9.31776269521065e-25	5.37694746356651e-24	"CPLM"	1.632	15706	5310	66
"Rasal2"	"Rasal2"	"Sample_type"	"Wound"	0.868555609354595	0.0859058270752587	5.87271450451844e-24	3.37345883410237e-23	"CPLM"	1.01	15706	1774	89
"Nedd4"	"Nedd4"	"Sample_type"	"Wound"	-0.993334692966098	0.0986131237780946	8.58503256150989e-24	4.90907771017247e-23	"CPLM"	1.01	15706	4834	69
"Ddx5"	"Ddx5"	"Sample_type"	"Wound"	-1.15490349934701	0.115879880927423	2.50866719329165e-23	1.41520328661923e-22	"CPLM"	1.01	15706	6641	58
"Pik3r1"	"Pik3r1"	"Sample_type"	"Wound"	-1.15878994550759	0.118275219749675	1.34094302937681e-22	7.3987119778773e-22	"CPLM"	1.01	15706	4477	71
"Gbf1"	"Gbf1"	"Sample_type"	"Wound"	0.581795711840614	0.0595761851114839	1.83304280574883e-22	1.00697286010132e-21	"CPLM"	1.01	15706	3739	76
"Abcc4"	"Abcc4"	"Sample_type"	"Wound"	-0.875468636497379	0.0902526480910878	3.47294729297663e-22	1.88317573041578e-21	"CPLM"	1.01	15706	5337	66
"Prkag2"	"Prkag2"	"Sample_type"	"Wound"	0.706899726220698	0.0735376614413881	8.11090837484669e-22	4.28719442670468e-21	"CPLM"	1.01	15706	2637	83
"Xdh"	"Xdh"	"Sample_type"	"Wound"	-1.18376350153388	0.123205573812302	8.4893103793411e-22	4.4684319904649e-21	"CPLM"	1.01	15706	4138	74
"Sec24d"	"Sec24d"	"Sample_type"	"Wound"	-1.03681817510577	0.10817483547067	1.06362073310098e-21	5.55201195950635e-21	"CPLM"	1.01	15706	4407	72
"Zcchc7"	"Zcchc7"	"Sample_type"	"Wound"	-0.999286313666334	0.104564408566083	1.39221145863159e-21	7.20741569941785e-21	"CPLM"	1.01	15706	4826	69
"Srsf5"	"Srsf5"	"Sample_type"	"Wound"	-2.38330188058105	0.251332570744206	2.82591938911138e-21	1.44512463069192e-20	"CPLM"	1.01	15706	5027	68
"Dock1"	"Dock1"	"Sample_type"	"Wound"	0.561610515444612	0.0594262453668448	3.83601463396665e-21	1.95372729130771e-20	"CPLM"	1.01	15706	3651	77
"Wdr7"	"Wdr7"	"Sample_type"	"Wound"	0.779719542844235	0.0828651970193273	5.66112685087193e-21	2.86011950939634e-20	"CPLM"	1.01	15706	1821	88
"Zfpm2"	"Zfpm2"	"Sample_type"	"Wound"	0.534153550261501	0.0574231972866863	1.55556694731354e-20	7.79642717020091e-20	"CPLM"	1.01	15706	4482	71
"Glg1"	"Glg1"	"Sample_type"	"Wound"	0.721479065323362	0.0777569766051432	1.93594652621206e-20	9.62616889318093e-20	"CPLM"	1.01	15706	2173	86
"Ambra1"	"Ambra1"	"Sample_type"	"Wound"	0.619057845641163	0.0670839417090075	3.09867101581543e-20	1.52867770113561e-19	"CPLM"	1.01	15706	3019	81
"Clk1"	"Clk1"	"Sample_type"	"Wound"	-1.35146976080633	0.147145070820681	4.63619743103891e-20	2.27825639384646e-19	"CPLM"	1.01	15706	5002	68
"Stx8"	"Stx8"	"Sample_type"	"Wound"	0.770802878836496	0.0842892633092557	6.69667822918249e-20	3.26527953965565e-19	"CPLM"	1.01	15706	1720	89
"Slit3"	"Slit3"	"Sample_type"	"Wound"	-0.538603395070412	0.0598013343476624	2.36655375081545e-19	1.14946896468179e-18	"CPLM"	1.01	15706	8120	48
"Dnm2"	"Dnm2"	"Sample_type"	"Wound"	0.785723403084209	0.0876933128116097	3.60870220906085e-19	1.73936681187684e-18	"CPLM"	1.01	15706	1729	89
"Foxo1"	"Foxo1"	"Sample_type"	"Wound"	-1.53414072157283	0.171749588962739	4.62219287057167e-19	2.21935825617525e-18	"CPLM"	1.01	15706	3109	80
"Mrc2"	"Mrc2"	"Sample_type"	"Wound"	0.575335396232834	0.0651235388402184	1.11001057818696e-18	5.24959889984658e-18	"CPLM"	1.01	15706	3547	77
"Sec31a"	"Sec31a"	"Sample_type"	"Wound"	-1.75778844397189	0.200588533791707	2.08990061109232e-18	9.81005585356022e-18	"CPLM"	1.01	15706	3018	81
"Col5a1"	"Col5a1"	"Sample_type"	"Wound"	-0.990783534286535	0.113773255487865	3.38439622558322e-18	1.57687794510507e-17	"CPLM"	1.01	15706	3919	75
"Rbm25"	"Rbm25"	"Sample_type"	"Wound"	-0.901997599153539	0.103672370089457	3.62863777079844e-18	1.68443775485773e-17	"CPLM"	1.01	15706	5165	67
"Atg10"	"Atg10"	"Sample_type"	"Wound"	0.722394918404328	0.0836541056764188	6.4016481303784e-18	2.94991697729525e-17	"CPLM"	1.01	15706	1878	88
"Dcn"	"Dcn"	"Sample_type"	"Wound"	-0.883816160610843	0.102500187225523	7.16314602243937e-18	3.2887728818353e-17	"CPLM"	1.01	15706	4368	72
"Mmp14"	"Mmp14"	"Sample_type"	"Wound"	-1.41641647180974	0.164668701056975	8.59377681364909e-18	3.91701856216324e-17	"CPLM"	1.01	15706	3274	79
"Nr3c2"	"Nr3c2"	"Sample_type"	"Wound"	0.750305855586422	0.0878757368906318	1.48591583610293e-17	6.67600757791957e-17	"CPLM"	1.01	15706	1912	88
"Ogt"	"Ogt"	"Sample_type"	"Wound"	-1.50573847047634	0.177128954382317	2.05019067677781e-17	9.14588606874639e-17	"CPLM"	1.01	15706	3482	78
"Fut8"	"Fut8"	"Sample_type"	"Wound"	0.76437518736654	0.09074345463813	3.96771221451097e-17	1.75752886121648e-16	"CPLM"	1.01	15706	1679	89
"Csnk1g1"	"Csnk1g1"	"Sample_type"	"Wound"	0.699048745730424	0.0837157956183754	7.37387088303818e-17	3.23217058218189e-16	"CPLM"	1.01	15706	2011	87
"Ssh2"	"Ssh2"	"Sample_type"	"Wound"	0.575303158530192	0.0691345261518337	9.39289149573478e-17	4.08867041579043e-16	"CPLM"	1.01	15706	2993	81
"Esr1"	"Esr1"	"Sample_type"	"Wound"	-0.572229062449027	0.0694754745436081	1.91299918540346e-16	8.1855543375427e-16	"CPLM"	1.01	15706	6627	58
"Irs1"	"Irs1"	"Sample_type"	"Wound"	-1.61892006575651	0.198987989013464	4.39736704398373e-16	1.86888099369308e-15	"CPLM"	1.01	15706	2608	83
"Xylt1"	"Xylt1"	"Sample_type"	"Wound"	0.646956926565047	0.0803894292053487	9.02949969518381e-16	3.77379090250539e-15	"CPLM"	1.01	15706	2200	86
"Taok3"	"Taok3"	"Sample_type"	"Wound"	0.66720624202477	0.0832458332241861	1.17937780925265e-15	4.91277246370805e-15	"CPLM"	1.01	15706	1968	87
"Pdgfd"	"Pdgfd"	"Sample_type"	"Wound"	-0.749854300114267	0.0935731209510158	1.19211114553878e-15	4.9494251521049e-15	"CPLM"	1.01	15706	4758	70
"Prpf38b"	"Prpf38b"	"Sample_type"	"Wound"	-1.56691785440236	0.196640757305406	1.71671289954784e-15	7.0575974759189e-15	"CPLM"	1.01	15706	3130	80
"Numb"	"Numb"	"Sample_type"	"Wound"	0.692604444128007	0.0873752800638756	2.39929365550236e-15	9.76799811851769e-15	"CPLM"	1.01	15706	1755	89
"Asap1"	"Asap1"	"Sample_type"	"Wound"	-0.6030070383687	0.0764427891388901	3.26278959598502e-15	1.31980363721838e-14	"CPLM"	1.01	15706	5498	65
"Cul1"	"Cul1"	"Sample_type"	"Wound"	0.674142118317849	0.0862783178797101	5.90912037601615e-15	2.3674119213466e-14	"CPLM"	1.01	15706	2119	87
"Lama4"	"Lama4"	"Sample_type"	"Wound"	0.60112507333971	0.0770416961106998	6.44474710496487e-15	2.56566198039424e-14	"CPLM"	1.01	15706	2502	84
"Srsf2"	"Srsf2"	"Sample_type"	"Wound"	-1.34349673815606	0.172303300450055	6.72093679334498e-15	2.66717302398359e-14	"CPLM"	1.01	15706	4567	71
"Trdn"	"Trdn"	"Sample_type"	"Wound"	0.85830548716435	0.110161350135993	7.04275494131618e-15	2.78609613716219e-14	"CPLM"	1.409	15706	1581	90
"Prickle1"	"Prickle1"	"Sample_type"	"Wound"	-0.673911264181981	0.0865826207093836	7.4952805543711e-15	2.95503423274821e-14	"CPLM"	1.01	15706	4623	71
"Gria4"	"Gria4"	"Sample_type"	"Wound"	0.605158829672199	0.0780199321650666	9.2671793333e-15	3.63181046769202e-14	"CPLM"	1.01	15706	2615	83
"Vav3"	"Vav3"	"Sample_type"	"Wound"	0.701528755457415	0.0906484402412742	1.06271123825512e-14	4.15183458920787e-14	"CPLM"	1.01	15706	1968	87
"Gnas"	"Gnas"	"Sample_type"	"Wound"	-1.09092761068178	0.141148255268685	1.149769347559e-14	4.450491813013e-14	"CPLM"	1.01	15706	3133	80
"Dock4"	"Dock4"	"Sample_type"	"Wound"	-0.521626787401522	0.0676126631643442	1.28296687083036e-14	4.95083534817359e-14	"CPLM"	1.01	15706	6141	61
"Pde4d"	"Pde4d"	"Sample_type"	"Wound"	0.292833594972039	0.0380013485029956	1.37692432655273e-14	5.29715841835883e-14	"CPLM"	1.01	15706	8811	44
"Eif4g1"	"Eif4g1"	"Sample_type"	"Wound"	-1.52777590817471	0.198386978499204	1.43039886244566e-14	5.48610295413611e-14	"CPLM"	1.01	15706	2439	84
"Foxp1"	"Foxp1"	"Sample_type"	"Wound"	0.466327310102986	0.0605815140867135	1.46962734710595e-14	5.61942614790055e-14	"CPLM"	1.01	15706	4629	71
"Msi2"	"Msi2"	"Sample_type"	"Wound"	0.611728426863485	0.0796904361418708	1.73341317878506e-14	6.58801745894743e-14	"CPLM"	1.01	15706	2361	85
"Ppp2r5c"	"Ppp2r5c"	"Sample_type"	"Wound"	0.712971071593577	0.0950304901841429	6.59346368938245e-14	2.45401695894767e-13	"CPLM"	1.01	15706	1602	90
"Mef2a"	"Mef2a"	"Sample_type"	"Wound"	-0.771317276946146	0.103922271620349	1.21217167689462e-13	4.49826539685379e-13	"CPLM"	1.01	15706	4409	72
"Pdcd4"	"Pdcd4"	"Sample_type"	"Wound"	-1.3738664303547	0.186830158019895	2.02518911644547e-13	7.38460263329973e-13	"CPLM"	1.01	15706	2455	84
"Nat8f7"	"Nat8f7"	"Sample_type"	"Wound"	-1.14548789152051	0.157499586044199	3.68296032754275e-13	1.31998976981447e-12	"CPLM"	1.01	15706	3066	80
"Runx1t1"	"Runx1t1"	"Sample_type"	"Wound"	-0.807897078612489	0.111255792852218	4.00423606718037e-13	1.43105936719117e-12	"CPLM"	1.01	15706	3549	77
"Efna5"	"Efna5"	"Sample_type"	"Wound"	-0.738599159421939	0.101836998449158	4.27424579792033e-13	1.51892689654909e-12	"CPLM"	1.01	15706	4709	70
"Creb5"	"Creb5"	"Sample_type"	"Wound"	-0.466832342142387	0.064514944923558	4.8335576511187e-13	1.71284944369221e-12	"CPLM"	1.01	15706	6590	58
"Tnxb"	"Tnxb"	"Sample_type"	"Wound"	-0.633777963782363	0.0887445340160859	9.62971605869008e-13	3.35572930798674e-12	"CPLM"	1.01	15706	5053	68
"Camk2d"	"Camk2d"	"Sample_type"	"Wound"	-0.516967169456712	0.072661113503576	1.16942432407758e-12	4.05271570162425e-12	"CPLM"	1.01	15706	5592	64
"Hnrnpa2b1"	"Hnrnpa2b1"	"Sample_type"	"Wound"	-1.50693518017461	0.212101790528456	1.25698120511992e-12	4.34418229681555e-12	"CPLM"	1.01	15706	2781	82
"Tgfbr1"	"Tgfbr1"	"Sample_type"	"Wound"	-1.18141579530341	0.169394115865176	3.19521759155033e-12	1.08637398112711e-11	"CPLM"	1.01	15706	2446	84
"Hnrnpm"	"Hnrnpm"	"Sample_type"	"Wound"	-1.51818918970953	0.217843472995645	3.31487328357839e-12	1.12401902715407e-11	"CPLM"	1.01	15706	2626	83
"Oxct1"	"Oxct1"	"Sample_type"	"Wound"	0.501484407039093	0.0731006853007412	7.13389532894885e-12	2.39318408635137e-11	"CPLM"	1.01	15706	2986	81
"Gnaq"	"Gnaq"	"Sample_type"	"Wound"	-0.606712360657101	0.0890624379850529	9.95990128063941e-12	3.3323286731501e-11	"CPLM"	1.01	15706	4666	70
"Uvrag"	"Uvrag"	"Sample_type"	"Wound"	0.537511387516297	0.0792941928846249	1.25582509538286e-11	4.16841153032093e-11	"CPLM"	1.01	15706	2416	85
"Hpgd"	"Hpgd"	"Sample_type"	"Wound"	-1.60190488498954	0.236640299739864	1.33929143116427e-11	4.43375952738065e-11	"CPLM"	1.01	15706	1957	88
"Tra2a"	"Tra2a"	"Sample_type"	"Wound"	-1.41442990365988	0.210374618680212	1.83669078122133e-11	6.04857854129958e-11	"CPLM"	1.01	15706	2614	83
"Atf6"	"Atf6"	"Sample_type"	"Wound"	0.645496531801885	0.0961485423472883	1.96476427431999e-11	6.45345550155234e-11	"CPLM"	1.01	15706	1649	90
"Igf1r"	"Igf1r"	"Sample_type"	"Wound"	-0.54144426677084	0.0809333814783864	2.30713957677792e-11	7.46113518659801e-11	"CPLM"	1.01	15706	4815	69
"Fus"	"Fus"	"Sample_type"	"Wound"	-1.35240151814772	0.203783980696388	3.31853464337004e-11	1.05957273638566e-10	"CPLM"	1.01	15706	2516	84
"Csnk1a1"	"Csnk1a1"	"Sample_type"	"Wound"	-1.28124740829601	0.193600921543771	3.75923499485111e-11	1.19422162210169e-10	"CPLM"	1.01	15706	2354	85
"Thrb"	"Thrb"	"Sample_type"	"Wound"	-0.466130795468026	0.070646025849496	4.29730909913578e-11	1.35829518761629e-10	"CPLM"	1.01	15706	5945	62
"Cpeb3"	"Cpeb3"	"Sample_type"	"Wound"	0.550264441279595	0.083446039464955	4.41037347717433e-11	1.39053880558529e-10	"CPLM"	1.01	15706	2088	87
"Rngtt"	"Rngtt"	"Sample_type"	"Wound"	0.632001744842602	0.0969765919192909	7.38851185449345e-11	2.28372184593434e-10	"CPLM"	1.01	15706	1598	90
"Jmjd1c"	"Jmjd1c"	"Sample_type"	"Wound"	-0.677712370496289	0.104063547842943	7.61622605206815e-11	2.34833636605435e-10	"CPLM"	1.01	15706	3795	76
"Huwe1"	"Huwe1"	"Sample_type"	"Wound"	-0.788705578426957	0.121448213871706	8.59990150172449e-11	2.63870148516327e-10	"CPLM"	1.01	15706	3399	78
"Ar"	"Ar"	"Sample_type"	"Wound"	-0.638003183005995	0.0983726602298871	9.10355071191093e-11	2.77967640669513e-10	"CPLM"	1.01	15706	4049	74
"Srsf6"	"Srsf6"	"Sample_type"	"Wound"	-2.34333775144917	0.361994145720988	9.86547745703688e-11	3.00502921088436e-10	"CPLM"	1.01	15706	2247	86
"Cox16"	"Cox16"	"Sample_type"	"Wound"	-0.756380202718541	0.117011956568469	1.04889309754497e-10	3.17953618484716e-10	"CPLM"	1.01	15706	3360	79
"Dnm1"	"Dnm1"	"Sample_type"	"Wound"	-1.24113181057152	0.193826990291464	1.56375799367636e-10	4.69500610034574e-10	"CPLM"	1.01	15706	2700	83
"Med13l"	"Med13l"	"Sample_type"	"Wound"	-0.64045079862041	0.100110921703313	1.62504996544088e-10	4.86741156315387e-10	"CPLM"	1.01	15706	3839	76
"Ahnak2"	"Ahnak2"	"Sample_type"	"Wound"	-2.31606791830074	0.362960498455448	1.80808835316175e-10	5.38998850302721e-10	"CPLM"	1.01	15706	1786	89
"Prkcb"	"Prkcb"	"Sample_type"	"Wound"	0.440259950977553	0.0690862487856125	1.91012875832859e-10	5.68071389592759e-10	"CPLM"	1.01	15706	3324	79
"Arhgap10"	"Arhgap10"	"Sample_type"	"Wound"	-0.490708705250038	0.0770743510914204	1.9851059739407e-10	5.88977196985236e-10	"CPLM"	1.01	15706	4939	69
"Tgfb2"	"Tgfb2"	"Sample_type"	"Wound"	-0.963568144689649	0.151764658108254	2.22534294330552e-10	6.55616258238487e-10	"CPLM"	1.01	15706	2724	83
"Colec12"	"Colec12"	"Sample_type"	"Wound"	0.514473576636347	0.0822706539996458	4.11926008089547e-10	1.19677348308695e-09	"CPLM"	1.01	15706	2283	85
"Vti1a"	"Vti1a"	"Sample_type"	"Wound"	0.440939237504934	0.0705215928775421	4.14262922411005e-10	1.2007897612743e-09	"CPLM"	1.01	15706	3053	81
"Ablim1"	"Ablim1"	"Sample_type"	"Wound"	-0.561126624836861	0.0900403033812706	4.72419480568298e-10	1.36308189576816e-09	"CPLM"	1.01	15706	4223	73
"Hnrnpu"	"Hnrnpu"	"Sample_type"	"Wound"	-1.50064095093101	0.240999156051931	4.88327228474463e-10	1.40254715392894e-09	"CPLM"	1.01	15706	2007	87
"Tcf7l1"	"Tcf7l1"	"Sample_type"	"Wound"	-0.572789166309968	0.0933072326763031	8.5176392472122e-10	2.40790790404336e-09	"CPLM"	1.01	15706	3918	75
"Abca1"	"Abca1"	"Sample_type"	"Wound"	-0.864740853406948	0.140906045178302	8.61120806702764e-10	2.42890128886116e-09	"CPLM"	1.01	15706	2764	82
"Map4k4"	"Map4k4"	"Sample_type"	"Wound"	-0.667822322591628	0.109218459087086	9.91183370537269e-10	2.78327830387474e-09	"CPLM"	1.01	15706	3575	77
"Atp6v0b"	"Atp6v0b"	"Sample_type"	"Wound"	-1.95701931123638	0.320602293100104	1.0574849778682e-09	2.96284209834786e-09	"CPLM"	1.01	15706	2202	86
"Supt3"	"Supt3"	"Sample_type"	"Wound"	0.562199338047892	0.092175281308501	1.09070386846238e-09	3.04912325894594e-09	"CPLM"	1.01	15706	1731	89
"Rhoj"	"Rhoj"	"Sample_type"	"Wound"	-0.627401674579187	0.102984429041686	1.13968123346609e-09	3.17897780864821e-09	"CPLM"	1.01	15706	3678	77
"Dpp4"	"Dpp4"	"Sample_type"	"Wound"	-0.919545343424183	0.152061761777357	1.50739859976726e-09	4.18610913577752e-09	"CPLM"	1.01	15706	2433	85
"Frmd6"	"Frmd6"	"Sample_type"	"Wound"	-0.895206542102413	0.148538264818507	1.71004489142213e-09	4.72799224925063e-09	"CPLM"	1.01	15706	2455	84
"Prkce"	"Prkce"	"Sample_type"	"Wound"	0.345870567586771	0.0575164273278013	1.85673036625106e-09	5.11108709134318e-09	"CPLM"	1.01	15706	4387	72
"Fyn"	"Fyn"	"Sample_type"	"Wound"	-0.545621497511442	0.0907564901862859	1.87388944594222e-09	5.14705878383256e-09	"CPLM"	1.01	15706	4333	72
"Aldh1a1"	"Aldh1a1"	"Sample_type"	"Wound"	-0.544855663362465	0.0909980498159763	2.17663264993253e-09	5.96558578129657e-09	"CPLM"	1.01	15706	3833	76
"Pabpn1"	"Pabpn1"	"Sample_type"	"Wound"	-2.13428136612355	0.358460196123449	2.67201569990054e-09	7.291530912093e-09	"CPLM"	1.01	15706	1596	90
"Acin1"	"Acin1"	"Sample_type"	"Wound"	-0.830120684934223	0.139721093422913	2.88800754917572e-09	7.86388202784212e-09	"CPLM"	1.01	15706	3034	81
"Pan3"	"Pan3"	"Sample_type"	"Wound"	-0.647007848682122	0.109909994891222	4.01998413189998e-09	1.08289936572381e-08	"CPLM"	1.01	15706	3322	79
"Stat5b"	"Stat5b"	"Sample_type"	"Wound"	-0.706753357199944	0.120271817543974	4.28028318106282e-09	1.14810154408892e-08	"CPLM"	1.01	15706	2885	82
"Abl2"	"Abl2"	"Sample_type"	"Wound"	0.546806334212006	0.0931610500417396	4.4598968459285e-09	1.19373409195278e-08	"CPLM"	1.01	15706	1696	89
"Arfgap1"	"Arfgap1"	"Sample_type"	"Wound"	-1.5912339515368	0.271893696725675	4.94145800056485e-09	1.30870613993907e-08	"CPLM"	1.01	15706	1790	89
"Cd34"	"Cd34"	"Sample_type"	"Wound"	-1.48704515809723	0.25426773914452	5.06354927620942e-09	1.33822373728392e-08	"CPLM"	1.01	15706	1674	89
"Upp2"	"Upp2"	"Sample_type"	"Wound"	0.537374093009795	0.0919550758212127	5.20100269698029e-09	1.36594183565787e-08	"CPLM"	1.01	15706	1924	88
"Gls"	"Gls"	"Sample_type"	"Wound"	-0.9044260433835	0.155196607256493	5.73266905582892e-09	1.5024370150485e-08	"CPLM"	1.01	15706	2663	83
"Laptm4a"	"Laptm4a"	"Sample_type"	"Wound"	-1.41557204637921	0.244742712434244	7.43682002898834e-09	1.92105125184134e-08	"CPLM"	1.01	15706	1760	89
"P4ha2"	"P4ha2"	"Sample_type"	"Wound"	-1.87569833578818	0.325692389400432	8.61400130265544e-09	2.2160355089449e-08	"CPLM"	1.01	15706	1571	90
"Actr3"	"Actr3"	"Sample_type"	"Wound"	-1.29708663392804	0.226379580092266	1.02453859614425e-08	2.6249889082474e-08	"CPLM"	1.01	15706	1748	89
"Ap3b1"	"Ap3b1"	"Sample_type"	"Wound"	0.488074131215079	0.0860260408369911	1.4232465345299e-08	3.59526935831048e-08	"CPLM"	1.01	15706	2195	86
"Robo2"	"Robo2"	"Sample_type"	"Wound"	0.403170365641302	0.07109555915659	1.44614529898985e-08	3.64579315857562e-08	"CPLM"	1.01	15706	3954	75
"Akap13"	"Akap13"	"Sample_type"	"Wound"	-0.375593475974599	0.0664624427755435	1.6208561306022e-08	4.07807402459514e-08	"CPLM"	1.01	15706	5644	64
"Thoc2"	"Thoc2"	"Sample_type"	"Wound"	-0.935083511894841	0.166309081480857	1.91346542372404e-08	4.79509861164311e-08	"CPLM"	1.01	15706	2190	86
"Arhgef12"	"Arhgef12"	"Sample_type"	"Wound"	-0.563250524059482	0.100189480085049	1.92134767341774e-08	4.80527907188771e-08	"CPLM"	1.01	15706	3607	77
"Sema3a"	"Sema3a"	"Sample_type"	"Wound"	0.395077496030041	0.0705712316590496	2.20113001763776e-08	5.48321101423427e-08	"CPLM"	1.01	15706	4266	73
"Robo1"	"Robo1"	"Sample_type"	"Wound"	0.324977953033912	0.0588021286743296	3.31625162503045e-08	8.19615824025206e-08	"CPLM"	1.01	15706	5430	65
"Ap2a2"	"Ap2a2"	"Sample_type"	"Wound"	-0.865946857777189	0.156713681699334	3.33466244631853e-08	8.22550070091904e-08	"CPLM"	1.01	15706	2395	85
"Nf1"	"Nf1"	"Sample_type"	"Wound"	0.421579721929266	0.0765416748487564	3.68957250910641e-08	9.04772361882234e-08	"CPLM"	1.01	15706	2702	83
"Cpeb1"	"Cpeb1"	"Sample_type"	"Wound"	-0.782110592717144	0.142106109167267	3.77708160250855e-08	9.24429699602286e-08	"CPLM"	1.01	15706	2910	81
"Anapc5"	"Anapc5"	"Sample_type"	"Wound"	-0.894435877960071	0.162941846008502	4.09796060250513e-08	1.00101639571873e-07	"CPLM"	1.01	15706	2325	85
"Col15a1"	"Col15a1"	"Sample_type"	"Wound"	-0.683421792644711	0.125156463271047	4.8189888720114e-08	1.17258955531728e-07	"CPLM"	1.01	15706	2840	82
"Sema3b"	"Sema3b"	"Sample_type"	"Wound"	-2.90930631418823	0.53289550285161	4.84910510065006e-08	1.17763981015787e-07	"CPLM"	1.01	15706	1751	89
"Gas6"	"Gas6"	"Sample_type"	"Wound"	-1.19308630669068	0.221333388485431	7.12967575040384e-08	1.7019225984835e-07	"CPLM"	1.01	15706	1604	90
"Ube2d3"	"Ube2d3"	"Sample_type"	"Wound"	-1.06789834644022	0.199266025276201	8.47903640248105e-08	2.02019465801537e-07	"CPLM"	1.01	15706	1906	88
"Maml2"	"Maml2"	"Sample_type"	"Wound"	-0.389362784029663	0.0729301773371539	9.48424610174336e-08	2.25116633886663e-07	"CPLM"	1.01	15706	5313	66
"Il1rl2"	"Il1rl2"	"Sample_type"	"Wound"	-1.06776951934916	0.200436087613356	1.0109602383679e-07	2.39057890952409e-07	"CPLM"	1.01	15706	1702	89
"Ppp3cb"	"Ppp3cb"	"Sample_type"	"Wound"	-1.26353120820645	0.237380657818891	1.03583205372643e-07	2.44479685476145e-07	"CPLM"	1.01	15706	1588	90
"Ddx39b"	"Ddx39b"	"Sample_type"	"Wound"	-0.89676608888311	0.168741916274647	1.08456985661941e-07	2.55503535510715e-07	"CPLM"	1.01	15706	2914	81
"Gria3"	"Gria3"	"Sample_type"	"Wound"	-0.650816166441359	0.123301566554404	1.3216042960862e-07	3.09604879790771e-07	"CPLM"	1.01	15706	2642	83
"Ube2r2"	"Ube2r2"	"Sample_type"	"Wound"	0.487547264038243	0.0926192715255776	1.42814860345836e-07	3.32705730213077e-07	"CPLM"	1.01	15706	1972	87
"Prickle2"	"Prickle2"	"Sample_type"	"Wound"	0.42748897791622	0.0814394639933513	1.54781683439615e-07	3.58591819092146e-07	"CPLM"	1.01	15706	2503	84
"Rtn3"	"Rtn3"	"Sample_type"	"Wound"	-0.697270730405658	0.132832295087432	1.54703209424105e-07	3.58591819092146e-07	"CPLM"	1.01	15706	2542	84
"Birc3"	"Birc3"	"Sample_type"	"Wound"	0.539349442245402	0.102902981390973	1.61478891165896e-07	3.72734761626966e-07	"CPLM"	1.01	15706	1602	90
"Sf3b1"	"Sf3b1"	"Sample_type"	"Wound"	-0.846134186900658	0.161538337629912	1.64442127928346e-07	3.78879481563845e-07	"CPLM"	1.01	15706	2431	85
"Il6st"	"Il6st"	"Sample_type"	"Wound"	-0.890387683940799	0.171034013063373	1.95482123308936e-07	4.47213590520731e-07	"CPLM"	1.01	15706	1907	88
"Rab2a"	"Rab2a"	"Sample_type"	"Wound"	-0.566192068240341	0.108968965570254	2.0627903006271e-07	4.70960108564227e-07	"CPLM"	1.01	15706	3171	80
"Sgms1"	"Sgms1"	"Sample_type"	"Wound"	0.445569777575363	0.0860827868838114	2.29413152684659e-07	5.20941779922926e-07	"CPLM"	1.01	15706	2231	86
"Lamp2"	"Lamp2"	"Sample_type"	"Wound"	-0.979953625260239	0.189745172353155	2.43928401352015e-07	5.529043763979e-07	"CPLM"	1.01	15706	1960	88
"Gab2"	"Gab2"	"Sample_type"	"Wound"	0.440280516551913	0.0853417439569262	2.5125572482219e-07	5.68488672349487e-07	"CPLM"	1.01	15706	2348	85
"Ewsr1"	"Ewsr1"	"Sample_type"	"Wound"	-0.801102214201932	0.155385030271146	2.55897019478701e-07	5.77950539504858e-07	"CPLM"	1.01	15706	2460	84
"Eda"	"Eda"	"Sample_type"	"Wound"	-0.54233467895517	0.105467866993478	2.74833736663881e-07	6.19607241439359e-07	"CPLM"	1.01	15706	3751	76
"Ube2e2"	"Ube2e2"	"Sample_type"	"Wound"	0.275915283257715	0.0536797045862705	2.77990983315121e-07	6.25604037585728e-07	"CPLM"	1.01	15706	5437	65
"Plpp1"	"Plpp1"	"Sample_type"	"Wound"	-0.570493392665841	0.111012405092884	2.79507475024672e-07	6.27893577823282e-07	"CPLM"	1.01	15706	3105	80
"Col16a1"	"Col16a1"	"Sample_type"	"Wound"	-1.10015448621728	0.214847928656265	3.08134506732235e-07	6.87292924590695e-07	"CPLM"	1.01	15706	1875	88
"Smad3"	"Smad3"	"Sample_type"	"Wound"	0.445673935863684	0.087546119868534	3.60804437889522e-07	7.92884789375745e-07	"CPLM"	1.01	15706	2129	86
"Slc39a7"	"Slc39a7"	"Sample_type"	"Wound"	-1.24382522591081	0.244332879443344	3.6086872276831e-07	7.92884789375745e-07	"CPLM"	1.01	15706	1741	89
"Lars2"	"Lars2"	"Sample_type"	"Wound"	0.338033489229899	0.0666366081499635	3.96495632867341e-07	8.67463488951504e-07	"CPLM"	1.01	15706	5924	62
"Kdm3a"	"Kdm3a"	"Sample_type"	"Wound"	-0.955070849077832	0.189163225871507	4.49278124000327e-07	9.79535320610766e-07	"CPLM"	1.01	15706	1720	89
"Arid1b"	"Arid1b"	"Sample_type"	"Wound"	-0.373759669223435	0.0745424469365326	5.38765248311754e-07	1.16655194901237e-06	"CPLM"	1.01	15706	4908	69
"Ank2"	"Ank2"	"Sample_type"	"Wound"	0.252048771118027	0.0505738051451231	6.30174141158003e-07	1.35746416023419e-06	"CPLM"	1.01	15706	5890	62
"Arnt"	"Arnt"	"Sample_type"	"Wound"	-0.834745807585975	0.167983829225861	6.79361342136427e-07	1.45478293523266e-06	"CPLM"	1.01	15706	1893	88
"Crebbp"	"Crebbp"	"Sample_type"	"Wound"	-0.463271518401746	0.0940168963165372	8.41220108109441e-07	1.7845782394632e-06	"CPLM"	1.01	15706	3693	76
"Ctnnd1"	"Ctnnd1"	"Sample_type"	"Wound"	-0.861862045888179	0.175402792204105	9.03125718311136e-07	1.90626200274397e-06	"CPLM"	1.01	15706	1960	88
"Rev3l"	"Rev3l"	"Sample_type"	"Wound"	-0.456969975175437	0.0938108827236894	1.1201302340903e-06	2.34853972414266e-06	"CPLM"	1.01	15706	3692	76
"Gsn"	"Gsn"	"Sample_type"	"Wound"	-1.06668137149227	0.21913495741495	1.14006599699015e-06	2.38239705018872e-06	"CPLM"	1.01	15706	1856	88
"Acap2"	"Acap2"	"Sample_type"	"Wound"	-0.664991858513041	0.136740645963275	1.16644044614144e-06	2.43346945480255e-06	"CPLM"	1.01	15706	2277	86
"Pla2r1"	"Pla2r1"	"Sample_type"	"Wound"	0.574478866289661	0.118905936729396	1.36875147895579e-06	2.83672052805005e-06	"CPLM"	1.01	15706	1749	89
"Cop1"	"Cop1"	"Sample_type"	"Wound"	-0.703832951855915	0.145940068582156	1.42917506266496e-06	2.95707603426401e-06	"CPLM"	1.01	15706	2174	86
"Nckap1"	"Nckap1"	"Sample_type"	"Wound"	-0.716614064838897	0.149229587345695	1.58465181311129e-06	3.26801964080985e-06	"CPLM"	1.01	15706	2190	86
"Cul3"	"Cul3"	"Sample_type"	"Wound"	-0.890554388986517	0.185496342115776	1.59387866553159e-06	3.28166834899958e-06	"CPLM"	1.01	15706	1753	89
"Etv6"	"Etv6"	"Sample_type"	"Wound"	0.394012602457504	0.0825137634428253	1.8122633541206e-06	3.70703625932312e-06	"CPLM"	1.01	15706	2622	83
"Ppp3ca"	"Ppp3ca"	"Sample_type"	"Wound"	-0.391544223909304	0.0822032819856668	1.92324313127055e-06	3.92766210899084e-06	"CPLM"	1.01	15706	5004	68
"Iqgap1"	"Iqgap1"	"Sample_type"	"Wound"	0.412482330539656	0.0866213461139914	1.93489165787046e-06	3.94504652447493e-06	"CPLM"	1.01	15706	2469	84
"Clock"	"Clock"	"Sample_type"	"Wound"	-0.657304470193739	0.139834554797836	2.61617851503099e-06	5.2912420770241e-06	"CPLM"	1.01	15706	2282	85
"Arf4"	"Arf4"	"Sample_type"	"Wound"	-0.77411462455818	0.165020829755489	2.74148135107625e-06	5.53576812143486e-06	"CPLM"	1.01	15706	1828	88
"Dnajc1"	"Dnajc1"	"Sample_type"	"Wound"	-0.34733994932538	0.0742346139790778	2.90755135610778e-06	5.86169808651216e-06	"CPLM"	1.01	15706	4912	69
"Maf"	"Maf"	"Sample_type"	"Wound"	-0.902445284969626	0.193177172282528	3.01349785554333e-06	6.05587907711423e-06	"CPLM"	1.01	15706	1725	89
"Man1c1"	"Man1c1"	"Sample_type"	"Wound"	0.470008236796679	0.100891713550356	3.21069955281835e-06	6.41120640864363e-06	"CPLM"	1.01	15706	1666	89
"Mapk1"	"Mapk1"	"Sample_type"	"Wound"	0.473224528658737	0.101579548314613	3.20886272027948e-06	6.41120640864363e-06	"CPLM"	1.01	15706	1669	89
"Iqsec2"	"Iqsec2"	"Sample_type"	"Wound"	-0.701498252486636	0.152197057350308	4.07512465338227e-06	8.06054530496053e-06	"CPLM"	1.01	15706	2041	87
"Exoc4"	"Exoc4"	"Sample_type"	"Wound"	0.240118871186671	0.0521046027275779	4.0897163780244e-06	8.07670832583154e-06	"CPLM"	1.01	15706	5865	63
"Ube3a"	"Ube3a"	"Sample_type"	"Wound"	-0.835697327520885	0.181467654655319	4.15276136584859e-06	8.18836018532528e-06	"CPLM"	1.01	15706	1740	89
"Clk4"	"Clk4"	"Sample_type"	"Wound"	-0.956194558931026	0.208030497162067	4.33170011566286e-06	8.5144980398498e-06	"CPLM"	1.01	15706	1878	88
"Pias1"	"Pias1"	"Sample_type"	"Wound"	0.434111703719617	0.0945860781640817	4.47548837964461e-06	8.76972645107931e-06	"CPLM"	1.01	15706	2046	87
"Erbin"	"Erbin"	"Sample_type"	"Wound"	-0.640996383182146	0.139767621572768	4.54964227651344e-06	8.90116638235445e-06	"CPLM"	1.01	15706	2444	84
"Thra"	"Thra"	"Sample_type"	"Wound"	-0.785755154961585	0.171688510669772	4.76141826375088e-06	9.30103132887982e-06	"CPLM"	1.01	15706	1870	88
"Faf1"	"Faf1"	"Sample_type"	"Wound"	0.368417092728867	0.0805949374598773	4.88594155275715e-06	9.52947980367208e-06	"CPLM"	1.01	15706	2679	83
"Btrc"	"Btrc"	"Sample_type"	"Wound"	0.392190849941333	0.0859442088456805	5.07326989580151e-06	9.84903322363936e-06	"CPLM"	1.01	15706	2318	85
"Nr3c1"	"Nr3c1"	"Sample_type"	"Wound"	-0.54822477674634	0.120729257432467	5.64193406370296e-06	1.09361372143888e-05	"CPLM"	1.01	15706	2795	82
"Maged1"	"Maged1"	"Sample_type"	"Wound"	-3.1067205189445	0.684272796827948	5.66243039001525e-06	1.09589806625218e-05	"CPLM"	1.01	15706	1672	89
"Sos2"	"Sos2"	"Sample_type"	"Wound"	0.458860663389115	0.101283614946979	5.92910727934261e-06	1.14574761250584e-05	"CPLM"	1.01	15706	1706	89
"Sema3c"	"Sema3c"	"Sample_type"	"Wound"	0.353716591762438	0.0785374869564891	6.72320924309309e-06	1.29324116633197e-05	"CPLM"	1.01	15706	3367	79
"Eln"	"Eln"	"Sample_type"	"Wound"	-0.513790782395229	0.114137950306315	6.79640905775426e-06	1.30532558697021e-05	"CPLM"	1.01	15706	3309	79
"Kmt2e"	"Kmt2e"	"Sample_type"	"Wound"	-0.537332062016469	0.120069513106814	7.68855668712042e-06	1.469939865106e-05	"CPLM"	1.01	15706	2815	82
"Foxo3"	"Foxo3"	"Sample_type"	"Wound"	-0.679766429252786	0.152381299549545	8.21611236801514e-06	1.56367161255114e-05	"CPLM"	1.01	15706	1880	88
"Hdac4"	"Hdac4"	"Sample_type"	"Wound"	0.443179046626918	0.0998771776234231	9.17395394359747e-06	1.73546376857829e-05	"CPLM"	1.01	15706	1693	89
"Cdc14b"	"Cdc14b"	"Sample_type"	"Wound"	0.463018456631885	0.104516578345172	9.48282080832991e-06	1.79119948601787e-05	"CPLM"	1.01	15706	1580	90
"Kmt2c"	"Kmt2c"	"Sample_type"	"Wound"	-0.417269842587562	0.0944161140935222	9.96030313402529e-06	1.87575768601853e-05	"CPLM"	1.01	15706	3637	77
"Cnot2"	"Cnot2"	"Sample_type"	"Wound"	-0.74891478590383	0.173253250532373	1.55108687429621e-05	2.88222642225204e-05	"CPLM"	1.01	15706	1753	89
"Acacb"	"Acacb"	"Sample_type"	"Wound"	-0.645890805498631	0.150437278050379	1.76995076555953e-05	3.27440891628514e-05	"CPLM"	1.01	15706	3122	80
"Zeb1"	"Zeb1"	"Sample_type"	"Wound"	-0.307487315116174	0.0717728284817026	1.84510221261337e-05	3.4084267011272e-05	"CPLM"	1.01	15706	5183	67
"Bckdhb"	"Bckdhb"	"Sample_type"	"Wound"	0.441913058167199	0.103164657780169	1.85011607482843e-05	3.41267745180962e-05	"CPLM"	1.01	15706	1848	88
"Dmd"	"Dmd"	"Sample_type"	"Wound"	0.395667844083933	0.0927110063015243	1.98607773597416e-05	3.65810511252635e-05	"CPLM"	1.476	15706	5121	67
"Stag2"	"Stag2"	"Sample_type"	"Wound"	-0.642406766654719	0.150555479132604	1.99359673901476e-05	3.66658581532246e-05	"CPLM"	1.01	15706	2028	87
"Col14a1"	"Col14a1"	"Sample_type"	"Wound"	0.429792139342558	0.100888019812368	2.05533574800314e-05	3.7746165999824e-05	"CPLM"	1.01	15706	1716	89
"Klc1"	"Klc1"	"Sample_type"	"Wound"	-0.698904554269847	0.164360728522165	2.12847543952407e-05	3.90323921708642e-05	"CPLM"	1.01	15706	1930	88
"Rb1cc1"	"Rb1cc1"	"Sample_type"	"Wound"	-0.578354726823631	0.136053768508091	2.1411636312888e-05	3.92079162760016e-05	"CPLM"	1.01	15706	2362	85
"Trip12"	"Trip12"	"Sample_type"	"Wound"	-0.450408911513087	0.106171981766836	2.22550349782089e-05	4.06340116147848e-05	"CPLM"	1.01	15706	3190	80
"B4galt1"	"B4galt1"	"Sample_type"	"Wound"	-0.503735024083495	0.118755910056639	2.2303603729328e-05	4.06636717268038e-05	"CPLM"	1.01	15706	2538	84
"Smg1"	"Smg1"	"Sample_type"	"Wound"	-0.439986461730216	0.103819040340442	2.267938080268e-05	4.12889450792641e-05	"CPLM"	1.01	15706	3321	79
"Slc1a5"	"Slc1a5"	"Sample_type"	"Wound"	-0.810155988723038	0.191569099284257	2.36005288912917e-05	4.27802094311886e-05	"CPLM"	1.01	15706	1687	89
"Cd2ap"	"Cd2ap"	"Sample_type"	"Wound"	-0.569762206136981	0.135064738184047	2.4738042682409e-05	4.47776369704612e-05	"CPLM"	1.01	15706	2332	85
"Slk"	"Slk"	"Sample_type"	"Wound"	-0.670705241238754	0.159715477443254	2.69127730679113e-05	4.86440639647018e-05	"CPLM"	1.01	15706	1962	88
"Col6a3"	"Col6a3"	"Sample_type"	"Wound"	-0.578811558776902	0.13818814333293	2.82242437801078e-05	5.07955631979622e-05	"CPLM"	1.01	15706	2310	85
"Oga"	"Oga"	"Sample_type"	"Wound"	-0.748233810373623	0.180347885927413	3.35929098530161e-05	6.02851363696067e-05	"CPLM"	1.01	15706	1675	89
"Abi1"	"Abi1"	"Sample_type"	"Wound"	-0.478676568324367	0.115400349463517	3.37208569659887e-05	6.03652931536911e-05	"CPLM"	1.01	15706	2948	81
"Lnpep"	"Lnpep"	"Sample_type"	"Wound"	-0.521286886223239	0.125675547392619	3.37335461741215e-05	6.03652931536911e-05	"CPLM"	1.01	15706	2511	84
"Abl1"	"Abl1"	"Sample_type"	"Wound"	0.406119117311774	0.0986534462185222	3.8642765162767e-05	6.89540405315758e-05	"CPLM"	1.01	15706	1765	89
"Lrp6"	"Lrp6"	"Sample_type"	"Wound"	-0.521829120637095	0.12683484982057	3.90436390615192e-05	6.95706769679762e-05	"CPLM"	1.01	15706	2422	85
"Rap1a"	"Rap1a"	"Sample_type"	"Wound"	-0.616360028479446	0.150149183409976	4.06386610110031e-05	7.21063971112015e-05	"CPLM"	1.01	15706	2046	87
"Ulk2"	"Ulk2"	"Sample_type"	"Wound"	0.337747050899702	0.082454104411633	4.22125175316343e-05	7.47934465560507e-05	"CPLM"	1.01	15706	2478	84
"Smurf2"	"Smurf2"	"Sample_type"	"Wound"	0.377671300136395	0.092348945416634	4.34250000178808e-05	7.67256320540647e-05	"CPLM"	1.01	15706	2000	87
"Kif5b"	"Kif5b"	"Sample_type"	"Wound"	-0.682808294491119	0.168106539260839	4.89407991329855e-05	8.63499653706813e-05	"CPLM"	1.01	15706	1869	88
"Snx6"	"Snx6"	"Sample_type"	"Wound"	0.422055496902386	0.105272091853833	6.12097650976109e-05	0.000107095805970507	"CPLM"	1.01	15706	1709	89
"Kmt2a"	"Kmt2a"	"Sample_type"	"Wound"	-0.550030032785123	0.137314679683018	6.21406945739689e-05	0.000108573602463962	"CPLM"	1.01	15706	2144	86
"Cacna2d1"	"Cacna2d1"	"Sample_type"	"Wound"	0.33008263717912	0.0829108417242266	6.88838310119293e-05	0.000120188431918179	"CPLM"	1.01	15706	2694	83
"Fn1"	"Fn1"	"Sample_type"	"Wound"	-0.640753411988562	0.163579227446032	9.0006221444772e-05	0.000155961193632952	"CPLM"	1.01	15706	1884	88
"Hnrnpc"	"Hnrnpc"	"Sample_type"	"Wound"	-0.700066317540411	0.1789602706496	9.19762442032101e-05	0.000159155591757412	"CPLM"	1.01	15706	1717	89
"Ube2b"	"Ube2b"	"Sample_type"	"Wound"	-0.715491803057659	0.183409520609151	9.61709484928204e-05	0.000166185512642813	"CPLM"	1.01	15706	1733	89
"Kat6a"	"Kat6a"	"Sample_type"	"Wound"	-0.649721786203337	0.168110113142929	0.000111600814285007	0.000192057215281175	"CPLM"	1.01	15706	1747	89
"Ppp1r12a"	"Ppp1r12a"	"Sample_type"	"Wound"	-0.403673994985116	0.104496482201312	0.000112434784163574	0.000193228085352153	"CPLM"	1.01	15706	3180	80
"Hdac7"	"Hdac7"	"Sample_type"	"Wound"	-0.463254990498409	0.120371641710499	0.000119294686495324	0.000204458740614602	"CPLM"	1.01	15706	2570	84
"Ywhae"	"Ywhae"	"Sample_type"	"Wound"	-0.60838929761382	0.158487373149755	0.000124160254291611	0.000212508299182104	"CPLM"	1.01	15706	1837	88
"Meis1"	"Meis1"	"Sample_type"	"Wound"	-0.373121893068765	0.0977854587820777	0.000136307118548211	0.000232350074706842	"CPLM"	1.01	15706	3152	80
"Adcy9"	"Adcy9"	"Sample_type"	"Wound"	-0.50568167389253	0.133699868267089	0.000156015227469166	0.000265225886697582	"CPLM"	1.01	15706	2113	87
"Col5a3"	"Col5a3"	"Sample_type"	"Wound"	-0.575130303577739	0.153909249563048	0.000187026654062483	0.000317516235911747	"CPLM"	1.01	15706	2006	87
"Acss3"	"Acss3"	"Sample_type"	"Wound"	-0.34815098701574	0.0934113125479201	0.000194394287161328	0.000329135953228735	"CPLM"	1.01	15706	3412	78
"Psme4"	"Psme4"	"Sample_type"	"Wound"	-0.444733344699393	0.119913227900728	0.000208966778713805	0.000352386337294861	"CPLM"	1.01	15706	2498	84
"Ubr5"	"Ubr5"	"Sample_type"	"Wound"	-0.449248821752785	0.121161900645519	0.000209754707499183	0.000353241528827271	"CPLM"	1.01	15706	2584	84
"St3gal1"	"St3gal1"	"Sample_type"	"Wound"	-0.466260660059799	0.126189383963865	0.000220696225211805	0.000370675368913819	"CPLM"	1.01	15706	2183	86
"Grb10"	"Grb10"	"Sample_type"	"Wound"	-0.549400683900816	0.148805943955799	0.000223196928605729	0.000374375648248009	"CPLM"	1.01	15706	1712	89
"Antxr2"	"Antxr2"	"Sample_type"	"Wound"	-0.383901727058682	0.104838140156187	0.000251220844984228	0.000420260402912445	"CPLM"	1.01	15706	2862	82
"Jak1"	"Jak1"	"Sample_type"	"Wound"	-0.540621491749188	0.148303651739803	0.000267870607962805	0.000446924701349083	"CPLM"	1.01	15706	1813	88
"Tbc1d4"	"Tbc1d4"	"Sample_type"	"Wound"	0.400050389160852	0.110967130028571	0.000312968644902359	0.000520786448792549	"CPLM"	1.01	15706	1650	89
"Map3k3"	"Map3k3"	"Sample_type"	"Wound"	0.327142855117626	0.0915850662835438	0.000355310306148726	0.00058968385901728	"CPLM"	1.01	15706	2095	87
"Ncoa1"	"Ncoa1"	"Sample_type"	"Wound"	0.205692723535689	0.0581873700320556	0.000408938457435045	0.000676011273920219	"CPLM"	1.01	15706	5226	67
"Tbl1xr1"	"Tbl1xr1"	"Sample_type"	"Wound"	-0.505877820055121	0.143199649922684	0.000412558493499168	0.000681100505015687	"CPLM"	1.01	15706	1936	88
"Traf3"	"Traf3"	"Sample_type"	"Wound"	0.356966356256515	0.101116422711848	0.000416353959050696	0.000686465636285421	"CPLM"	1.01	15706	1735	89
"Rtn4"	"Rtn4"	"Sample_type"	"Wound"	-0.447804142873417	0.127082506961442	0.000426731068883794	0.000702654037507609	"CPLM"	1.01	15706	2429	85
"Fbn1"	"Fbn1"	"Sample_type"	"Wound"	-0.201193525376781	0.0579517628262355	0.000518485147085444	0.000848185065063054	"CPLM"	1.01	15706	6792	57
"Tnpo1"	"Tnpo1"	"Sample_type"	"Wound"	-0.40837571845248	0.117708601111296	0.000523062885131082	0.000853454097918159	"CPLM"	1.01	15706	2416	85
"Rps6ka3"	"Rps6ka3"	"Sample_type"	"Wound"	-0.465474514689086	0.134747522881854	0.000552933893422419	0.000901024401457777	"CPLM"	1.01	15706	2108	87
"Apaf1"	"Apaf1"	"Sample_type"	"Wound"	0.339973895784521	0.0986949012936818	0.000573196104227015	0.000932834022144354	"CPLM"	1.01	15706	1954	88
"Ube3c"	"Ube3c"	"Sample_type"	"Wound"	0.367160978904749	0.106612119391141	0.000574894148553385	0.000934388680723719	"CPLM"	1.01	15706	1596	90
"Cdc42"	"Cdc42"	"Sample_type"	"Wound"	-0.531182196877234	0.155974434477928	0.000661908408940517	0.00107166123352274	"CPLM"	1.01	15706	1718	89
"Pafah1b1"	"Pafah1b1"	"Sample_type"	"Wound"	-0.307620229568485	0.0906870683539032	0.000695284651898297	0.00112280884735309	"CPLM"	1.01	15706	3598	77
"Prkd1"	"Prkd1"	"Sample_type"	"Wound"	0.294102214026796	0.087497531829019	0.000777719191398556	0.00125111348181507	"CPLM"	1.01	15706	2319	85
"Cdon"	"Cdon"	"Sample_type"	"Wound"	-0.438396917944576	0.131949825293575	0.000894339178918603	0.00142957901789022	"CPLM"	1.01	15706	2207	86
"Nrf1"	"Nrf1"	"Sample_type"	"Wound"	0.317594143738934	0.0957635046463179	0.000913782234549217	0.00145854459426866	"CPLM"	1.01	15706	2091	87
"Flna"	"Flna"	"Sample_type"	"Wound"	-0.572926362703654	0.172769178326637	0.000914778763813966	0.00145854459426866	"CPLM"	1.01	15706	1857	88
"Cflar"	"Cflar"	"Sample_type"	"Wound"	0.27936508205252	0.0842900143186135	0.000920703104785101	0.00146613228584767	"CPLM"	1.01	15706	2793	82
"Reck"	"Reck"	"Sample_type"	"Wound"	-0.398174316964254	0.120322552250834	0.000937653789727893	0.00148935412560314	"CPLM"	1.01	15706	2240	86
"Ranbp2"	"Ranbp2"	"Sample_type"	"Wound"	-0.55401982106276	0.167407072850241	0.000937008978375821	0.00148935412560314	"CPLM"	1.01	15706	1617	90
"Xrn1"	"Xrn1"	"Sample_type"	"Wound"	0.314597691293611	0.095780883235637	0.00102366712611175	0.001615775714741	"CPLM"	1.01	15706	2080	87
"Ehmt1"	"Ehmt1"	"Sample_type"	"Wound"	0.283521794415712	0.086538455350542	0.0010542273402285	0.00165984730163635	"CPLM"	1.01	15706	2523	84
"Rock2"	"Rock2"	"Sample_type"	"Wound"	-0.320239772801811	0.0998510991689292	0.00134314915548749	0.00210159407662098	"CPLM"	1.01	15706	3034	81
"Afdn"	"Afdn"	"Sample_type"	"Wound"	-0.464267438778287	0.145807991559405	0.00145487494295428	0.00226794631751733	"CPLM"	1.01	15706	2019	87
"Dnmt3a"	"Dnmt3a"	"Sample_type"	"Wound"	0.308424381919598	0.097591603915833	0.0015787469713211	0.00245193048138512	"CPLM"	1.01	15706	1963	88
"Sema3d"	"Sema3d"	"Sample_type"	"Wound"	0.347553080680217	0.111354464917786	0.00180477915278804	0.00278920414521788	"CPLM"	1.01	15706	1614	90
"Phkb"	"Phkb"	"Sample_type"	"Wound"	0.293356813295315	0.0950644300044467	0.00203308086558537	0.00313433300111078	"CPLM"	1.01	15706	2160	86
"Sh3kbp1"	"Sh3kbp1"	"Sample_type"	"Wound"	0.306368141029462	0.0993296329030197	0.00204346172805282	0.00314648084931511	"CPLM"	1.01	15706	1948	88
"Nfkb1"	"Nfkb1"	"Sample_type"	"Wound"	-0.378651969049336	0.123058347073124	0.00209446967702218	0.0032171463415066	"CPLM"	1.01	15706	2333	85
"Nat8f3"	"Nat8f3"	"Sample_type"	"Wound"	-0.423400060148788	0.138019032728115	0.00216085057655631	0.00331506100647298	"CPLM"	1.01	15706	2104	87
"Lrp1"	"Lrp1"	"Sample_type"	"Wound"	-0.310824215874255	0.10225648093307	0.0023724068354447	0.00362635212513905	"CPLM"	1.01	15706	2838	82
"Rabep1"	"Rabep1"	"Sample_type"	"Wound"	-0.305634810927892	0.100703952264491	0.00240942685575824	0.00367846964143674	"CPLM"	1.01	15706	2977	81
"Aff1"	"Aff1"	"Sample_type"	"Wound"	-0.292160555594184	0.0964633604963167	0.00245990684668596	0.0037509852280375	"CPLM"	1.01	15706	3152	80
"Usp25"	"Usp25"	"Sample_type"	"Wound"	-0.433936190187536	0.144587200447671	0.00269333690812558	0.00408711439134135	"CPLM"	1.01	15706	1885	88
"Rora"	"Rora"	"Sample_type"	"Wound"	0.132355957697259	0.0441947291927956	0.00275020635649601	0.00416838505599033	"CPLM"	1.01	15706	7923	50
"Acyp2"	"Acyp2"	"Sample_type"	"Wound"	-0.329779794932264	0.110540791714153	0.00285567501880534	0.00432303149657897	"CPLM"	1.01	15706	2787	82
"Dab2"	"Dab2"	"Sample_type"	"Wound"	0.283667362392016	0.0976773726863564	0.00368793582958675	0.00554954937035901	"CPLM"	1.01	15706	2123	86
"Sec23a"	"Sec23a"	"Sample_type"	"Wound"	-0.380146186633389	0.132009364441465	0.00398603022799874	0.00599095104757756	"CPLM"	1.01	15706	1990	87
"Atp2b1"	"Atp2b1"	"Sample_type"	"Wound"	-0.370529036957058	0.130002027992116	0.00437515358124637	0.00655231333953325	"CPLM"	1.01	15706	2166	86
"Stk3"	"Stk3"	"Sample_type"	"Wound"	0.215923609073417	0.0762950382136643	0.00465905656580774	0.00696091824202629	"CPLM"	1.01	15706	3208	80
"Xiap"	"Xiap"	"Sample_type"	"Wound"	-0.454474309733196	0.161112360202878	0.00479561933067015	0.00714797288860551	"CPLM"	1.01	15706	1644	90
"Lamc1"	"Lamc1"	"Sample_type"	"Wound"	-0.296691355754187	0.10526492907279	0.00483058660306009	0.00719157153449656	"CPLM"	1.01	15706	2672	83
"Mid1"	"Mid1"	"Sample_type"	"Wound"	0.193031892470422	0.0689321404435626	0.00511146977874912	0.00759176975403353	"CPLM"	1.01	15706	4111	74
"Ncor1"	"Ncor1"	"Sample_type"	"Wound"	-0.264052646801663	0.0945058224440598	0.00521177967242092	0.00773162597630368	"CPLM"	1.01	15706	3343	79
"Eif2ak3"	"Eif2ak3"	"Sample_type"	"Wound"	-0.359154120051684	0.129058162119382	0.00539421231094112	0.00798359027551362	"CPLM"	1.01	15706	1980	87
"Rab10"	"Rab10"	"Sample_type"	"Wound"	-0.323387865719074	0.11620620907721	0.00539431775372542	0.00798359027551362	"CPLM"	1.01	15706	2403	85
"Nsd3"	"Nsd3"	"Sample_type"	"Wound"	-0.287605574239737	0.103767902326845	0.00558431303587585	0.00823571605994351	"CPLM"	1.01	15706	2809	82
"Cald1"	"Cald1"	"Sample_type"	"Wound"	0.272776392163915	0.0988841770901763	0.00581266006750035	0.00856244305025227	"CPLM"	1.01	15706	2219	86
"Lama2"	"Lama2"	"Sample_type"	"Wound"	-0.158185764214082	0.0574871346760662	0.00593597889685591	0.00871349060938709	"CPLM"	1.01	15706	6902	56
"P2rx4"	"P2rx4"	"Sample_type"	"Wound"	0.25588043849006	0.0936214712465244	0.00628041795421271	0.00920835173240045	"CPLM"	1.01	15706	2289	85
"Srgap1"	"Srgap1"	"Sample_type"	"Wound"	0.17834056722799	0.0668032691938806	0.00760111081573484	0.0111188341932493	"CPLM"	1.01	15706	4028	74
"Eif4g3"	"Eif4g3"	"Sample_type"	"Wound"	0.187214816351074	0.0707975814102741	0.00819251501075326	0.0119422756471931	"CPLM"	1.01	15706	3629	77
"Ksr1"	"Ksr1"	"Sample_type"	"Wound"	0.248936952879929	0.0953046420273555	0.00900965207927258	0.0130728285071798	"CPLM"	1.01	15706	2175	86
"Kpna4"	"Kpna4"	"Sample_type"	"Wound"	-0.392282982819593	0.150789102910248	0.00928949216399085	0.0134478494157658	"CPLM"	1.01	15706	1690	89
"Taf15"	"Taf15"	"Sample_type"	"Wound"	-0.408659858448066	0.157248908966469	0.00936352777958619	0.0135239139030888	"CPLM"	1.01	15706	1738	89
"Srrm1"	"Srrm1"	"Sample_type"	"Wound"	-0.367334264157155	0.142650226995987	0.010031057585152	0.0144217947909957	"CPLM"	1.01	15706	1863	88
"Magi3"	"Magi3"	"Sample_type"	"Wound"	0.235170446308151	0.0929531739653001	0.0114163237973044	0.0163016292134039	"CPLM"	1.01	15706	2253	86
"Pbrm1"	"Pbrm1"	"Sample_type"	"Wound"	0.266026562113272	0.105677075486265	0.0118338813509742	0.0168595954015012	"CPLM"	1.01	15706	1781	89
"Braf"	"Braf"	"Sample_type"	"Wound"	0.260491919447191	0.103623885153349	0.0119530169596203	0.0170100625963828	"CPLM"	1.01	15706	1836	88
"Cnot1"	"Cnot1"	"Sample_type"	"Wound"	0.282007084213812	0.113954876866579	0.0133443262382023	0.0189044621707866	"CPLM"	1.01	15706	1610	90
"Snd1"	"Snd1"	"Sample_type"	"Wound"	0.171864249708951	0.0708637263758902	0.0153078584587499	0.021540588301015	"CPLM"	1.01	15706	3489	78
"Cblb"	"Cblb"	"Sample_type"	"Wound"	-0.184565800373646	0.0774694092719594	0.0172104155595146	0.0240296368189449	"CPLM"	1.01	15706	4223	73
"Phlpp1"	"Phlpp1"	"Sample_type"	"Wound"	0.236733785782088	0.0996426735627781	0.0175215811756188	0.0244369724156635	"CPLM"	1.01	15706	1998	87
"Hdac8"	"Hdac8"	"Sample_type"	"Wound"	0.23729647307606	0.100067959909395	0.017735079725797	0.0247073425194381	"CPLM"	1.01	15706	2034	87
"Parva"	"Parva"	"Sample_type"	"Wound"	0.223215212764237	0.0947329137733354	0.0184722930638673	0.0256775079274531	"CPLM"	1.01	15706	2122	86
"Sec63"	"Sec63"	"Sample_type"	"Wound"	-0.325941571419684	0.138502550273966	0.0186186021544794	0.0258523195478312	"CPLM"	1.01	15706	1733	89
"Slit2"	"Slit2"	"Sample_type"	"Wound"	-0.161073860328068	0.0688655634649719	0.0193499291345851	0.0268381597037575	"CPLM"	1.124	15706	5884	63
"Pard3"	"Pard3"	"Sample_type"	"Wound"	0.142354125997683	0.0608750080626999	0.0193755757912918	0.0268441347416796	"CPLM"	1.01	15706	4849	69
"Actn4"	"Actn4"	"Sample_type"	"Wound"	-0.364821715496182	0.156445994599968	0.0197167458353242	0.0272268564882963	"CPLM"	1.01	15706	1648	90
"Atp6v0a1"	"Atp6v0a1"	"Sample_type"	"Wound"	-0.354762773754525	0.153143881249866	0.0205420179231278	0.0282733682136704	"CPLM"	1.01	15706	1743	89
"Atp1a2"	"Atp1a2"	"Sample_type"	"Wound"	-0.292884568539877	0.126594686711484	0.0207046466667104	0.0284660606630838	"CPLM"	1.01	15706	2856	82
"Atxn2"	"Atxn2"	"Sample_type"	"Wound"	-0.303797468293029	0.13210617063492	0.0214813202741462	0.0294373648201263	"CPLM"	1.01	15706	1866	88
"Adk"	"Adk"	"Sample_type"	"Wound"	0.140386580970012	0.0612509940743351	0.0219194677724649	0.0300051038713394	"CPLM"	1.01	15706	4725	70
"Acbd3"	"Acbd3"	"Sample_type"	"Wound"	-0.267778860868735	0.12036630325896	0.0261155695392738	0.0354470900310096	"CPLM"	1.01	15706	2272	86
"Nox4"	"Nox4"	"Sample_type"	"Wound"	0.252350134637852	0.113434766698489	0.0261203914616422	0.0354470900310096	"CPLM"	1.01	15706	1589	90
"Dmxl1"	"Dmxl1"	"Sample_type"	"Wound"	0.226634217952664	0.102959557382908	0.0277366108324741	0.0375593718269671	"CPLM"	1.01	15706	1979	87
"Tbl1x"	"Tbl1x"	"Sample_type"	"Wound"	-0.252459915511979	0.114786776718059	0.0278653269022878	0.0376930981108366	"CPLM"	1.01	15706	2318	85
"Bmpr1a"	"Bmpr1a"	"Sample_type"	"Wound"	0.21858652913094	0.099461899268631	0.0279856731308247	0.0378152274957867	"CPLM"	1.01	15706	1975	87
"Pik3ca"	"Pik3ca"	"Sample_type"	"Wound"	-0.284867862545456	0.130720521064336	0.0293306567621503	0.0395900924965506	"CPLM"	1.01	15706	1863	88
"Ltbp1"	"Ltbp1"	"Sample_type"	"Wound"	0.157312212380253	0.0733981086930356	0.0321064701372707	0.0431977961846915	"CPLM"	1.01	15706	3682	77
"Rassf2"	"Rassf2"	"Sample_type"	"Wound"	-0.234476011453841	0.109469135140209	0.032213872444626	0.0432959952300636	"CPLM"	1.01	15706	2934	81
"Fgfr1"	"Fgfr1"	"Sample_type"	"Wound"	-0.310126546499546	0.146749508287732	0.0345903564811285	0.046243005795175	"CPLM"	1.01	15706	1646	90
"Nsd1"	"Nsd1"	"Sample_type"	"Wound"	0.152552569521581	0.0725958999184522	0.0356223089918796	0.0475215956646708	"CPLM"	1.01	15706	3730	76
"Pcbp2"	"Pcbp2"	"Sample_type"	"Wound"	-0.32802646814226	0.157422831032296	0.0372009821555562	0.0495225773033753	"CPLM"	1.01	15706	1627	90
"Cd47"	"Cd47"	"Sample_type"	"Wound"	-0.301435413780843	0.145317518360604	0.0380656121953518	0.0506102503928696	"CPLM"	1.01	15706	1619	90
"Birc6"	"Birc6"	"Sample_type"	"Wound"	-0.193688818148045	0.0933904346406834	0.0380984953275418	0.0506102503928696	"CPLM"	1.01	15706	3124	80
"Nrcam"	"Nrcam"	"Sample_type"	"Wound"	0.180099824591542	0.0873132466103923	0.0391588615092518	0.0519639744500409	"CPLM"	1.01	15706	2486	84
"Pias2"	"Pias2"	"Sample_type"	"Wound"	-0.305013997907693	0.148471972964484	0.0399579504850896	0.0529684949528375	"CPLM"	1.01	15706	1575	90
"Ncoa7"	"Ncoa7"	"Sample_type"	"Wound"	0.200826733383085	0.0980410810074461	0.04053802702158	0.0536244353240248	"CPLM"	1.01	15706	2128	86
"Uty"	"Uty"	"Sample_type"	"Wound"	-0.241698720619195	0.118430737240312	0.0412829698073744	0.0545524958168876	"CPLM"	1.01	15706	2272	86
"Cers5"	"Cers5"	"Sample_type"	"Wound"	-0.452471919978269	0.223475911295039	0.0429149556293436	0.0565901616160527	"CPLM"	1.01	15706	1851	88
"Ctnna1"	"Ctnna1"	"Sample_type"	"Wound"	-0.250380196230277	0.123937579365693	0.0433783368719245	0.0570815353398337	"CPLM"	1.01	15706	2192	86
"Creb3l1"	"Creb3l1"	"Sample_type"	"Wound"	-0.251242999969434	0.126324912540677	0.0467336018675391	0.0613043494779606	"CPLM"	1.01	15706	1851	88
"Pde3a"	"Pde3a"	"Sample_type"	"Wound"	-0.201824710272205	0.101724237541528	0.0472690310284529	0.061877670170441	"CPLM"	1.01	15706	2895	82
"Mdm4"	"Mdm4"	"Sample_type"	"Wound"	-0.236792670248212	0.119551388444133	0.0476449418254495	0.0623049239255878	"CPLM"	1.01	15706	2452	84
"Ube4b"	"Ube4b"	"Sample_type"	"Wound"	-0.239900560925894	0.121293449634947	0.0479627939486824	0.0626554463005634	"CPLM"	1.01	15706	2113	87
"Kmt5b"	"Kmt5b"	"Sample_type"	"Wound"	-0.266871099401932	0.135587746289078	0.0490564043826114	0.064017589951582	"CPLM"	1.01	15706	1801	89
"Ptk2"	"Ptk2"	"Sample_type"	"Wound"	0.16635027825147	0.0851022284770122	0.0506348857659533	0.0660090013404862	"CPLM"	1.01	15706	2750	82
"Crtc3"	"Crtc3"	"Sample_type"	"Wound"	0.196589866550945	0.101288995234539	0.0522906069525203	0.0680968773770917	"CPLM"	1.01	15706	1818	88
"Fnip2"	"Fnip2"	"Sample_type"	"Wound"	0.219331550581464	0.114036262169304	0.054454271349206	0.0708412340820073	"CPLM"	1.01	15706	1627	90
"Diaph2"	"Diaph2"	"Sample_type"	"Wound"	-0.107915800368595	0.0566717595435689	0.0568990998106989	0.0738690067717846	"CPLM"	1.01	15706	6414	59
"Rapgef2"	"Rapgef2"	"Sample_type"	"Wound"	0.160679832335668	0.085466278610389	0.0601214250020026	0.0779719099510508	"CPLM"	1.01	15706	2845	82
"Nt5c2"	"Nt5c2"	"Sample_type"	"Wound"	0.19201764677523	0.102765507029677	0.0617106121760571	0.0799505150540472	"CPLM"	1.01	15706	1916	88
"Disp1"	"Disp1"	"Sample_type"	"Wound"	-0.233121459561691	0.129738935021054	0.0723785782437817	0.0929104606435484	"CPLM"	1.01	15706	1730	89
"Wipf1"	"Wipf1"	"Sample_type"	"Wound"	0.130610500596849	0.0728724254331926	0.0731014137495914	0.093648945702929	"CPLM"	1.01	15706	3871	75
"Prkca"	"Prkca"	"Sample_type"	"Wound"	0.0931121129106343	0.052208673934226	0.0745306626021774	0.095381051427812	"CPLM"	1.01	15706	5705	64
"Snx9"	"Snx9"	"Sample_type"	"Wound"	0.159903364478832	0.0901168470672569	0.0760163227828301	0.097183469573984	"CPLM"	1.01	15706	2646	83
"Gli3"	"Gli3"	"Sample_type"	"Wound"	-0.174380203631441	0.0985610283327967	0.0768696994565209	0.0981747024530998	"CPLM"	1.01	15706	2619	83
"Atxn10"	"Atxn10"	"Sample_type"	"Wound"	0.194394455031399	0.110696187095361	0.079089467671328	0.100499545788415	"CPLM"	1.01	15706	1577	90
"Aff4"	"Aff4"	"Sample_type"	"Wound"	0.176950121082543	0.100907894396081	0.0795219129922603	0.100947090357481	"CPLM"	1.01	15706	2075	87
"Smg6"	"Smg6"	"Sample_type"	"Wound"	0.137458203670385	0.0786959008070305	0.080708777431984	0.102247373624809	"CPLM"	1.01	15706	3231	79
"Cltc"	"Cltc"	"Sample_type"	"Wound"	0.198805992008296	0.114364042331628	0.0821668220089896	0.103885288529959	"CPLM"	1.01	15706	1828	88
"Pkn2"	"Pkn2"	"Sample_type"	"Wound"	-0.2290703857455	0.134713960836075	0.089071651528872	0.112057549911632	"CPLM"	1.01	15706	1704	89
"Ntn1"	"Ntn1"	"Sample_type"	"Wound"	-0.203346760208711	0.119587768317961	0.0890759538248266	0.112057549911632	"CPLM"	1.01	15706	1936	88
"Ncoa2"	"Ncoa2"	"Sample_type"	"Wound"	-0.158142209215191	0.0932654498125944	0.0899788133590489	0.113080266938745	"CPLM"	1.01	15706	3042	81
"Insr"	"Insr"	"Sample_type"	"Wound"	-0.150005194846445	0.0885350615638294	0.0902276040888035	0.113279766410893	"CPLM"	1.01	15706	3320	79
"Itch"	"Itch"	"Sample_type"	"Wound"	0.15817087019735	0.093578916566435	0.0910018089259006	0.114137862042655	"CPLM"	1.01	15706	2333	85
"Ncoa3"	"Ncoa3"	"Sample_type"	"Wound"	-0.217898438984429	0.129126293836286	0.0915303549292269	0.114686440738015	"CPLM"	1.01	15706	1849	88
"Nek7"	"Nek7"	"Sample_type"	"Wound"	0.190056908765233	0.113445507323756	0.0938924415968639	0.117529046297368	"CPLM"	1.01	15706	1712	89
"Slc4a4"	"Slc4a4"	"Sample_type"	"Wound"	0.138618107626264	0.0832688900646019	0.0959916459329919	0.119918064134761	"CPLM"	1.01	15706	3088	80
"Yap1"	"Yap1"	"Sample_type"	"Wound"	-0.209237340099727	0.128797665187777	0.104280048229961	0.129500790398115	"CPLM"	1.01	15706	1824	88
"Gnb1"	"Gnb1"	"Sample_type"	"Wound"	-0.174169389990137	0.108311818521792	0.107847221999288	0.133535241412504	"CPLM"	1.01	15706	2381	85
"Clip1"	"Clip1"	"Sample_type"	"Wound"	-0.151528924314963	0.097881542002111	0.121622039487886	0.149853600074202	"CPLM"	1.01	15706	2701	83
"Srgap2"	"Srgap2"	"Sample_type"	"Wound"	0.118907107196502	0.0784890192875261	0.129804652605798	0.159622925687286	"CPLM"	1.01	15706	3558	77
"Pten"	"Pten"	"Sample_type"	"Wound"	-0.152674117477932	0.10085945503655	0.130114118698711	0.159847227854471	"CPLM"	1.01	15706	2775	82
"Il31ra"	"Il31ra"	"Sample_type"	"Wound"	0.130867233870096	0.0867225163446003	0.131310188054333	0.161159235680343	"CPLM"	1.01	15706	3175	80
"Kat2b"	"Kat2b"	"Sample_type"	"Wound"	0.143115652923188	0.0949753222885357	0.131863586698346	0.161680694021949	"CPLM"	1.01	15706	2312	85
"Arid1a"	"Arid1a"	"Sample_type"	"Wound"	-0.208956721156823	0.140376671240161	0.136627812476876	0.166871638928068	"CPLM"	1.01	15706	1606	90
"Usp15"	"Usp15"	"Sample_type"	"Wound"	-0.200106159966891	0.136705008522499	0.143273879065254	0.174143516776898	"CPLM"	1.01	15706	1679	89
"Map4k3"	"Map4k3"	"Sample_type"	"Wound"	-0.160506604385123	0.111972780936097	0.151751172013862	0.184091585721734	"CPLM"	1.01	15706	2257	86
"Ell2"	"Ell2"	"Sample_type"	"Wound"	0.146118427240552	0.102052271784168	0.152221012453966	0.184462755621473	"CPLM"	1.01	15706	2095	87
"Ip6k1"	"Ip6k1"	"Sample_type"	"Wound"	-0.186389220058034	0.130631225496039	0.153647307035436	0.185675612152333	"CPLM"	1.01	15706	2002	87
"Akt3"	"Akt3"	"Sample_type"	"Wound"	-0.142603020098935	0.102204710409556	0.1629545964921	0.196357167037415	"CPLM"	1.01	15706	2601	83
"Mtmr3"	"Mtmr3"	"Sample_type"	"Wound"	-0.136366627604839	0.0978121109713413	0.163286255872625	0.196568526208385	"CPLM"	1.01	15706	2731	83
"Tcf7l2"	"Tcf7l2"	"Sample_type"	"Wound"	-0.110603835884365	0.0805866202680746	0.169932460088613	0.204178638769317	"CPLM"	1.01	15706	3916	75
"Pum2"	"Pum2"	"Sample_type"	"Wound"	-0.167693879057909	0.124291995091385	0.177294461878787	0.212618143988097	"CPLM"	1.01	15706	2011	87
"Wasf2"	"Wasf2"	"Sample_type"	"Wound"	0.128691248061548	0.0969755208803798	0.184511835993495	0.220642480684236	"CPLM"	1.01	15706	2259	86
"Tead1"	"Tead1"	"Sample_type"	"Wound"	-0.10836246336928	0.082196552114871	0.187411278476712	0.223896855008265	"CPLM"	1.01	15706	3716	76
"Spop"	"Spop"	"Sample_type"	"Wound"	0.101541450044527	0.0779143237656092	0.192510250794314	0.229770299335149	"CPLM"	1.01	15706	3395	78
"Arntl"	"Arntl"	"Sample_type"	"Wound"	-0.143740163469257	0.111948007154	0.199164266922233	0.23726197707213	"CPLM"	1.01	15706	2177	86
"Tgfbr2"	"Tgfbr2"	"Sample_type"	"Wound"	-0.119247729543948	0.0948255155651634	0.208573618033427	0.248001523143715	"CPLM"	1.01	15706	2711	83
"Deptor"	"Deptor"	"Sample_type"	"Wound"	0.113292438373901	0.0904525722345078	0.210403997858699	0.249941670732997	"CPLM"	1.01	15706	2494	84
"Glud1"	"Glud1"	"Sample_type"	"Wound"	0.132337314947243	0.106993916537906	0.216154714883728	0.256289002190132	"CPLM"	1.01	15706	1996	87
"Gng12"	"Gng12"	"Sample_type"	"Wound"	0.12562496400995	0.102205882904671	0.219039111784401	0.259464409251202	"CPLM"	1.01	15706	1970	87
"Eps15"	"Eps15"	"Sample_type"	"Wound"	-0.146867728458144	0.119592483301523	0.219439764137627	0.259694471575856	"CPLM"	1.01	15706	2119	87
"Abcc5"	"Abcc5"	"Sample_type"	"Wound"	-0.157042064881331	0.127952466336175	0.219710627273394	0.259770647659708	"CPLM"	1.01	15706	1916	88
"Ror2"	"Ror2"	"Sample_type"	"Wound"	-0.124603118888451	0.103821705560003	0.230093588129547	0.271536335710103	"CPLM"	1.01	15706	2234	86
"Hsp90ab1"	"Hsp90ab1"	"Sample_type"	"Wound"	-0.188624868377834	0.158339692293145	0.23356674353477	0.275376722930404	"CPLM"	1.01	15706	1658	89
"Ppp2r5e"	"Ppp2r5e"	"Sample_type"	"Wound"	0.124174374003999	0.104933560742586	0.236683677830303	0.278529529195998	"CPLM"	1.01	15706	2091	87
"Diaph1"	"Diaph1"	"Sample_type"	"Wound"	-0.15837108190451	0.135096502144066	0.2411019830326	0.282415173001208	"CPLM"	1.01	15706	1631	90
"Sik2"	"Sik2"	"Sample_type"	"Wound"	-0.146831759907704	0.126756413869261	0.246727690019595	0.288460440561942	"CPLM"	1.01	15706	2308	85
"Gfpt1"	"Gfpt1"	"Sample_type"	"Wound"	-0.153369987934347	0.133865448916095	0.251935701441126	0.293730410021257	"CPLM"	1.01	15706	1580	90
"Npas2"	"Npas2"	"Sample_type"	"Wound"	-0.121534852332345	0.107579987841501	0.258613094557343	0.301236363845498	"CPLM"	1.01	15706	2236	86
"Neo1"	"Neo1"	"Sample_type"	"Wound"	0.11466125178415	0.102772046580459	0.264573977778545	0.307894601337104	"CPLM"	1.01	15706	2022	87
"Ube2h"	"Ube2h"	"Sample_type"	"Wound"	-0.111810938916935	0.102217195879068	0.274034719833961	0.318315491736955	"CPLM"	1.01	15706	2619	83
"Bmpr2"	"Bmpr2"	"Sample_type"	"Wound"	0.102506459047423	0.0950446876862907	0.280823664600149	0.325730445206548	"CPLM"	1.01	15706	2438	84
"Man2a1"	"Man2a1"	"Sample_type"	"Wound"	0.120899703768915	0.113707318816332	0.287683359315619	0.332939895141719	"CPLM"	1.01	15706	1781	89
"Sdc2"	"Sdc2"	"Sample_type"	"Wound"	-0.118211538324847	0.111777551335014	0.290272063910703	0.335627073896751	"CPLM"	1.01	15706	2183	86
"Camk2a"	"Camk2a"	"Sample_type"	"Wound"	0.112283008617132	0.109192158285038	0.303821501389581	0.350006821197887	"CPLM"	1.01	15706	2103	87
"Ppp1r12b"	"Ppp1r12b"	"Sample_type"	"Wound"	-0.0857294288091986	0.0884277123929807	0.332317695039837	0.379705413587751	"CPLM"	1.01	15706	3119	80
"Stag1"	"Stag1"	"Sample_type"	"Wound"	-0.0653403850464501	0.0677310176271289	0.334707935708152	0.382089458367382	"CPLM"	1.01	15706	4689	70
"Herc1"	"Herc1"	"Sample_type"	"Wound"	0.0976235330948744	0.103179168777109	0.344083861499765	0.392436534693295	"CPLM"	1.01	15706	2226	86
"Mgll"	"Mgll"	"Sample_type"	"Wound"	-0.141080947578523	0.151934100288325	0.353127952869169	0.402022592497208	"CPLM"	1.299	15706	2588	84
"Eea1"	"Eea1"	"Sample_type"	"Wound"	-0.112290558479337	0.121065163625327	0.353670018927223	0.402275663481416	"CPLM"	1.01	15706	2011	87
"Samhd1"	"Samhd1"	"Sample_type"	"Wound"	0.115952846678449	0.125335569883046	0.354907729477299	0.403318810914582	"CPLM"	1.01	15706	1577	90
"Slc44a1"	"Slc44a1"	"Sample_type"	"Wound"	-0.0937244986392488	0.10368009332707	0.366021060375713	0.414823868425808	"CPLM"	1.01	15706	2305	85
"Dync1h1"	"Dync1h1"	"Sample_type"	"Wound"	-0.100203991580641	0.1113509826832	0.368190890595009	0.416907417073376	"CPLM"	1.01	15706	2451	84
"Dlg1"	"Dlg1"	"Sample_type"	"Wound"	0.0702604906649133	0.0790460747108009	0.374094681978102	0.422451624711357	"CPLM"	1.01	15706	3469	78
"Papola"	"Papola"	"Sample_type"	"Wound"	-0.103710701400136	0.116958147657407	0.375236005504862	0.423360443879028	"CPLM"	1.01	15706	2103	87
"Slc9a1"	"Slc9a1"	"Sample_type"	"Wound"	0.0937614461852068	0.107126641774472	0.381457103637136	0.428458068192426	"CPLM"	1.01	15706	1877	88
"Amotl1"	"Amotl1"	"Sample_type"	"Wound"	0.112382222034117	0.128526374681222	0.38191908119137	0.428594294503785	"CPLM"	1.01	15706	1575	90
"Gda"	"Gda"	"Sample_type"	"Wound"	0.0977783849272131	0.113243343148283	0.387910952209959	0.434156563950292	"CPLM"	1.01	15706	1842	88
"Rad51b"	"Rad51b"	"Sample_type"	"Wound"	-0.0544068593548845	0.0636694418157044	0.392829551035095	0.439270733513022	"CPLM"	1.01	15706	5432	65
"Asph"	"Asph"	"Sample_type"	"Wound"	0.0802993130627755	0.0951454799211401	0.398702652992794	0.445046972018576	"CPLM"	1.01	15706	2447	84
"Mnat1"	"Mnat1"	"Sample_type"	"Wound"	0.0911713318659463	0.110585384364285	0.409700485140826	0.456109035670053	"CPLM"	1.01	15706	1922	88
"Gxylt2"	"Gxylt2"	"Sample_type"	"Wound"	-0.0831889177078995	0.101007379276885	0.41018365894955	0.456243185639729	"CPLM"	1.01	15706	2449	84
"Uimc1"	"Uimc1"	"Sample_type"	"Wound"	-0.10800096234919	0.131966115508569	0.413141700640782	0.459127437637901	"CPLM"	1.01	15706	1705	89
"Fnip1"	"Fnip1"	"Sample_type"	"Wound"	0.0612785858128729	0.0780312319407779	0.432284589931163	0.478709519483629	"CPLM"	1.01	15706	3457	78
"Apc"	"Apc"	"Sample_type"	"Wound"	0.0903951743435586	0.117073466718623	0.440052906802769	0.486455673776699	"CPLM"	1.01	15706	1716	89
"Mpdz"	"Mpdz"	"Sample_type"	"Wound"	0.081689394910667	0.106475184100859	0.442965026052593	0.489051129398019	"CPLM"	1.01	15706	1909	88
"Stat3"	"Stat3"	"Sample_type"	"Wound"	0.0901100104398234	0.11903044141691	0.449041257157059	0.494220386267349	"CPLM"	1.01	15706	1684	89
"Fer"	"Fer"	"Sample_type"	"Wound"	0.0686320860397259	0.0933373903169201	0.462160594205912	0.507771203066408	"CPLM"	1.01	15706	2801	82
"Mef2c"	"Mef2c"	"Sample_type"	"Wound"	-0.0882992949913122	0.12050556075283	0.463727703610253	0.509048386685601	"CPLM"	1.01	15706	2159	86
"Mapk14"	"Mapk14"	"Sample_type"	"Wound"	-0.0870548100718196	0.120871340693193	0.471395926440342	0.515666152575609	"CPLM"	1.01	15706	1908	88
"Wwtr1"	"Wwtr1"	"Sample_type"	"Wound"	-0.0776642294074453	0.108610045478067	0.474573893492106	0.518691536066959	"CPLM"	1.01	15706	2109	87
"Sec24b"	"Sec24b"	"Sample_type"	"Wound"	-0.094974135216097	0.13780233003783	0.490704086583383	0.53585567788359	"CPLM"	1.01	15706	1582	90
"Rasa3"	"Rasa3"	"Sample_type"	"Wound"	-0.0833978346049806	0.121679411492921	0.493108058771952	0.537547606529563	"CPLM"	1.01	15706	1907	88
"Cnot4"	"Cnot4"	"Sample_type"	"Wound"	-0.0651820904729978	0.095839222540361	0.496439046339336	0.539821830360012	"CPLM"	1.01	15706	2835	82
"Ube2k"	"Ube2k"	"Sample_type"	"Wound"	-0.071331886804766	0.105229520343712	0.497864400042489	0.540857871548748	"CPLM"	1.01	15706	2398	85
"Jarid2"	"Jarid2"	"Sample_type"	"Wound"	0.061689363692923	0.0923573833196618	0.50418051268471	0.546775073239108	"CPLM"	1.01	15706	2684	83
"Psd3"	"Psd3"	"Sample_type"	"Wound"	0.043135764654237	0.0660521829842433	0.513729832439035	0.556651274081228	"CPLM"	1.01	15706	4962	68
"Ppp2r3a"	"Ppp2r3a"	"Sample_type"	"Wound"	0.0677773376918204	0.104165172220104	0.515267905113943	0.557837370596679	"CPLM"	1.01	15706	2233	86
"Elmo1"	"Elmo1"	"Sample_type"	"Wound"	0.0392327257560198	0.060750204963123	0.518415729098167	0.560762671715817	"CPLM"	1.01	15706	4979	68
"Srgap3"	"Srgap3"	"Sample_type"	"Wound"	-0.0540130573763049	0.0904162609770714	0.550260903756896	0.593677716060184	"CPLM"	1.01	15706	2791	82
"Smarca2"	"Smarca2"	"Sample_type"	"Wound"	0.0471316617429081	0.079061926040548	0.551092956554103	0.594065929173146	"CPLM"	1.01	15706	3601	77
"Pdpk1"	"Pdpk1"	"Sample_type"	"Wound"	-0.0721138034825174	0.129313931579068	0.577081375719035	0.618898866713168	"CPLM"	1.01	15706	1684	89
"Herc4"	"Herc4"	"Sample_type"	"Wound"	-0.0706445055467394	0.130120916450382	0.587196518620096	0.627606814294036	"CPLM"	1.01	15706	1671	89
"Il1rap"	"Il1rap"	"Sample_type"	"Wound"	-0.0555820797584738	0.107347554779971	0.604621259258458	0.644587749277238	"CPLM"	1.01	15706	2092	87
"Slc16a10"	"Slc16a10"	"Sample_type"	"Wound"	0.057378154584296	0.112881543275627	0.611247214456613	0.651099911758187	"CPLM"	1.01	15706	1872	88
"Rgl1"	"Rgl1"	"Sample_type"	"Wound"	0.0464533102782369	0.0926952155613045	0.616279394215026	0.654796856353466	"CPLM"	1.01	15706	2595	83
"Fbxw11"	"Fbxw11"	"Sample_type"	"Wound"	0.0435349190608663	0.0985785588275059	0.65876547391685	0.698757981608261	"CPLM"	1.01	15706	2259	86
"Arhgef11"	"Arhgef11"	"Sample_type"	"Wound"	0.048160223819971	0.109758314441	0.660823882725806	0.700350837800391	"CPLM"	1.01	15706	2002	87
"Ncor2"	"Ncor2"	"Sample_type"	"Wound"	-0.0536996746708301	0.122703787618273	0.661655716853992	0.700642164816769	"CPLM"	1.01	15706	1767	89
"Gab1"	"Gab1"	"Sample_type"	"Wound"	-0.0586029210902082	0.136172762815991	0.666941771689558	0.705645709659767	"CPLM"	1.01	15706	1639	90
"Sptan1"	"Sptan1"	"Sample_type"	"Wound"	0.0494803913001683	0.117327576752617	0.673228920142179	0.711101579797533	"CPLM"	1.01	15706	1743	89
"Kidins220"	"Kidins220"	"Sample_type"	"Wound"	-0.0448261325099364	0.107916333933444	0.677870466794537	0.714803895412848	"CPLM"	1.01	15706	2265	86
"Taok1"	"Taok1"	"Sample_type"	"Wound"	0.0424733646768284	0.10340089103068	0.681251189818763	0.717767166492465	"CPLM"	1.01	15706	2204	86
"Pip4k2a"	"Pip4k2a"	"Sample_type"	"Wound"	-0.0453992366281198	0.11196492765742	0.685132224329142	0.721252165862813	"CPLM"	1.01	15706	2146	86
"Zbtb16"	"Zbtb16"	"Sample_type"	"Wound"	0.0301674688193821	0.0756087827646612	0.689902873667497	0.725060831306359	"CPLM"	1.01	15706	3657	77
"Frs2"	"Frs2"	"Sample_type"	"Wound"	0.0433879110636721	0.109369429358903	0.691586953485517	0.726224029620018	"CPLM"	1.01	15706	2052	87
"Apbb1ip"	"Apbb1ip"	"Sample_type"	"Wound"	0.0431199003264707	0.109219022156264	0.69299429986284	0.727094936803547	"CPLM"	1.01	15706	1995	87
"Mcu"	"Mcu"	"Sample_type"	"Wound"	-0.0349947783568778	0.0934172350028163	0.707957599970691	0.740940649553352	"CPLM"	1.01	15706	2594	83
"Acvr1"	"Acvr1"	"Sample_type"	"Wound"	-0.0396977892712765	0.107438652585331	0.711765554747981	0.744295464867527	"CPLM"	1.01	15706	2097	87
"Stim1"	"Stim1"	"Sample_type"	"Wound"	-0.032610596037538	0.0884443075846845	0.712346374960654	0.744295464867527	"CPLM"	1.01	15706	3190	80
"Arid2"	"Arid2"	"Sample_type"	"Wound"	0.0392898071519377	0.113776119536823	0.72985422550375	0.759434752426566	"CPLM"	1.01	15706	1873	88
"Plcl1"	"Plcl1"	"Sample_type"	"Wound"	-0.0300424543604129	0.0891246716644738	0.736058476203057	0.764625568177908	"CPLM"	1.01	15706	3147	80
"Pum1"	"Pum1"	"Sample_type"	"Wound"	-0.0371386257083125	0.110916763064718	0.737755311847539	0.765755925993568	"CPLM"	1.01	15706	2179	86
"Rock1"	"Rock1"	"Sample_type"	"Wound"	0.0340889178720849	0.102111720919122	0.738505191497991	0.765902333804182	"CPLM"	1.01	15706	2317	85
"Aldh1l2"	"Aldh1l2"	"Sample_type"	"Wound"	-0.0416823497961178	0.128695987635132	0.746031473813437	0.77116482666993	"CPLM"	1.01	15706	1650	89
"Ash1l"	"Ash1l"	"Sample_type"	"Wound"	0.0253099720684117	0.081123501727472	0.755049915977912	0.779846300739092	"CPLM"	1.01	15706	3301	79
"Lgr5"	"Lgr5"	"Sample_type"	"Wound"	0.0332415360930522	0.109361176038151	0.761161605317124	0.784323001807686	"CPLM"	1.093	15706	2040	87
"Setd2"	"Setd2"	"Sample_type"	"Wound"	-0.0323502339460858	0.115442348367938	0.779305907982316	0.801608202977721	"CPLM"	1.01	15706	1923	88
"Boc"	"Boc"	"Sample_type"	"Wound"	0.0277458765170379	0.110845611279463	0.80235011986211	0.821951507155158	"CPLM"	1.01	15706	1932	88
"Herc2"	"Herc2"	"Sample_type"	"Wound"	0.0238135318473528	0.125704947760488	0.849750508693144	0.866979837742073	"CPLM"	1.01	15706	1634	90
"Rbpj"	"Rbpj"	"Sample_type"	"Wound"	-0.0143270596818192	0.102805612727645	0.889166932189132	0.902802260447077	"CPLM"	1.01	15706	3969	75
"Sec24a"	"Sec24a"	"Sample_type"	"Wound"	-0.0135095014322226	0.0999486662994656	0.892483626358326	0.905439033837721	"CPLM"	1.01	15706	2334	85
"Myo6"	"Myo6"	"Sample_type"	"Wound"	-0.0120817356775944	0.10628605204097	0.909499355173398	0.921215933017822	"CPLM"	1.01	15706	2238	86
"Dag1"	"Dag1"	"Sample_type"	"Wound"	0.0126911283707305	0.126552611206764	0.920120602020916	0.928982116647121	"CPLM"	1.01	15706	1595	90
"Gsk3b"	"Gsk3b"	"Sample_type"	"Wound"	-0.0103177137596701	0.105997923800798	0.922458563650616	0.930595728205674	"CPLM"	1.01	15706	2246	86
"Med13"	"Med13"	"Sample_type"	"Wound"	0.00896496786762796	0.115742404943025	0.938261613771999	0.945779735677223	"CPLM"	1.01	15706	1962	88
"Trpm7"	"Trpm7"	"Sample_type"	"Wound"	-0.00664784980849701	0.10024855871617	0.947128944501725	0.953953732732722	"CPLM"	1.01	15706	2361	85
"Cmah"	"Cmah"	"Sample_type"	"Wound"	0.00439897773718069	0.0976609917218464	0.964073332443367	0.969467827508998	"CPLM"	1.01	15706	2621	83
"Bcl11b"	"Bcl11b"	"Sample_type"	"Wound"	-0.00496831420947475	0.123407826162938	0.967886903351625	0.970974261895011	"CPLM"	1.01	15706	1662	89
"Wdr33"	"Wdr33"	"Sample_type"	"Wound"	-0.00241120976076032	0.113879322351923	0.983107621045467	0.985457679103743	"CPLM"	1.01	15706	1966	87
